year,ranking_schedule_id,ranking_official_date,team_name,team_code,fifa_rank,fifa_points
1998,id50,1998-05-20,Brazil,BRA,1,72.0
1998,id50,1998-05-20,Germany,GER,2,65.0
1998,id50,1998-05-20,Czech Republic,CZE,3,65.0
1998,id50,1998-05-20,Mexico,MEX,4,61.0
1998,id50,1998-05-20,England,ENG,5,60.0
1998,id50,1998-05-20,Argentina,ARG,6,60.0
1998,id50,1998-05-20,Norway,NOR,7,60.0
1998,id50,1998-05-20,Yugoslavia,YUG,8,59.0
1998,id50,1998-05-20,Chile,CHI,9,59.0
1998,id50,1998-05-20,Colombia,COL,10,58.0
1998,id50,1998-05-20,USA,USA,11,58.0
1998,id50,1998-05-20,Japan,JPN,12,58.0
1998,id50,1998-05-20,Morocco,MAR,13,57.0
1998,id50,1998-05-20,Italy,ITA,14,57.0
1998,id50,1998-05-20,Spain,ESP,15,56.0
1998,id50,1998-05-20,Russia,RUS,16,56.0
1998,id50,1998-05-20,Egypt,EGY,17,56.0
1998,id50,1998-05-20,France,FRA,18,56.0
1998,id50,1998-05-20,Croatia,CRO,19,56.0
1998,id50,1998-05-20,South Korea,KOR,20,55.0
1998,id50,1998-05-20,Tunisia,TUN,21,55.0
1998,id50,1998-05-20,Romania,ROU,22,55.0
1998,id50,1998-05-20,Zambia,ZAM,23,55.0
1998,id50,1998-05-20,South Africa,RSA,24,55.0
1998,id50,1998-05-20,Netherlands,NED,25,54.0
1998,id50,1998-05-20,Ecuador,ECU,26,53.0
1998,id50,1998-05-20,Denmark,DEN,27,53.0
1998,id50,1998-05-20,Sweden,SWE,28,53.0
1998,id50,1998-05-20,Paraguay,PAR,29,52.0
1998,id50,1998-05-20,Jamaica,JAM,30,52.0
1998,id50,1998-05-20,Austria,AUT,31,52.0
1998,id50,1998-05-20,Australia,AUS,32,52.0
1998,id50,1998-05-20,Bolivia,BOL,33,51.0
1998,id50,1998-05-20,Saudi Arabia,KSA,34,51.0
1998,id50,1998-05-20,Bulgaria,BUL,35,50.0
1998,id50,1998-05-20,Belgium,BEL,36,50.0
1998,id50,1998-05-20,Peru,PER,37,50.0
1998,id50,1998-05-20,Uruguay,URU,38,50.0
1998,id50,1998-05-20,Portugal,POR,39,49.0
1998,id50,1998-05-20,Slovakia,SVK,40,49.0
1998,id50,1998-05-20,Scotland,SCO,41,48.0
1998,id50,1998-05-20,Iran,IRN,42,48.0
1998,id50,1998-05-20,Kuwait,KUW,43,47.0
1998,id50,1998-05-20,Ivory Coast,CIV,44,47.0
1998,id50,1998-05-20,Lithuania,LTU,45,47.0
1998,id50,1998-05-20,Republic of Ireland,IRL,46,46.0
1998,id50,1998-05-20,Israel,ISR,47,46.0
1998,id50,1998-05-20,Trinidad and Tobago,TRI,48,45.0
1998,id50,1998-05-20,Cameroon,CMR,49,45.0
1998,id50,1998-05-20,Thailand,THA,50,45.0
1998,id50,1998-05-20,China PR,CHN,51,45.0
1998,id50,1998-05-20,Georgia,GEO,52,45.0
1998,id50,1998-05-20,Turkey,TUR,53,45.0
1998,id50,1998-05-20,Poland,POL,54,44.0
1998,id50,1998-05-20,Greece,GRE,55,44.0
1998,id50,1998-05-20,Angola,ANG,56,44.0
1998,id50,1998-05-20,Algeria,ALG,57,43.0
1998,id50,1998-05-20,Costa Rica,CRC,58,43.0
1998,id50,1998-05-20,United Arab Emirates,UAE,59,43.0
1998,id50,1998-05-20,Guinea,GUI,60,43.0
1998,id50,1998-05-20,Finland,FIN,61,42.0
1998,id50,1998-05-20,Hungary,HUN,62,42.0
1998,id50,1998-05-20,Zaire,ZAI,63,41.0
1998,id50,1998-05-20,Ukraine,UKR,64,40.0
1998,id50,1998-05-20,Ghana,GHA,65,40.0
1998,id50,1998-05-20,Mali,MLI,66,40.0
1998,id50,1998-05-20,Burkina Faso,BFA,67,39.0
1998,id50,1998-05-20,El Salvador,SLV,68,39.0
1998,id50,1998-05-20,Mozambique,MOZ,69,39.0
1998,id50,1998-05-20,Qatar,QAT,70,38.0
1998,id50,1998-05-20,FYR Macedonia,MKD,71,38.0
1998,id50,1998-05-20,Iceland,ISL,72,37.0
1998,id50,1998-05-20,Togo,TOG,73,37.0
1998,id50,1998-05-20,Nigeria,NGA,74,37.0
1998,id50,1998-05-20,Guatemala,GUA,75,37.0
1998,id50,1998-05-20,Namibia,NAM,76,37.0
1998,id50,1998-05-20,Canada,CAN,77,36.0
1998,id50,1998-05-20,Senegal,SEN,78,36.0
1998,id50,1998-05-20,Gabon,GAB,79,36.0
1998,id50,1998-05-20,Uzbekistan,UZB,80,36.0
1998,id50,1998-05-20,Switzerland,SUI,81,36.0
1998,id50,1998-05-20,Latvia,LVA,82,36.0
1998,id50,1998-05-20,Cyprus,CYP,83,36.0
1998,id50,1998-05-20,Zimbabwe,ZIM,84,35.0
1998,id50,1998-05-20,Iraq,IRQ,85,34.0
1998,id50,1998-05-20,Honduras,HON,86,34.0
1998,id50,1998-05-20,Oman,OMA,87,34.0
1998,id50,1998-05-20,Cuba,CUB,88,33.0
1998,id50,1998-05-20,Indonesia,IDN,89,33.0
1998,id50,1998-05-20,Northern Ireland,NIR,90,33.0
1998,id50,1998-05-20,Sierra Leone,SLE,91,33.0
1998,id50,1998-05-20,Syria,SYR,92,31.0
1998,id50,1998-05-20,Kenya,KEN,93,31.0
1998,id50,1998-05-20,Slovenia,SVN,94,31.0
1998,id50,1998-05-20,Tanzania,TAN,95,31.0
1998,id50,1998-05-20,Lebanon,LBN,96,30.0
1998,id50,1998-05-20,Malawi,MWI,97,30.0
1998,id50,1998-05-20,Liberia,LBR,98,29.0
1998,id50,1998-05-20,Malaysia,MAS,99,29.0
1998,id50,1998-05-20,Vietnam,VIE,100,29.0
1998,id50,1998-05-20,Albania,ALB,101,29.0
1998,id50,1998-05-20,Bosnia and Herzegovina,BIH,102,28.0
1998,id50,1998-05-20,Wales,WAL,103,28.0
1998,id50,1998-05-20,Estonia,EST,104,28.0
1998,id50,1998-05-20,Grenada,GRN,105,27.0
1998,id50,1998-05-20,Singapore,SGP,106,27.0
1998,id50,1998-05-20,Kazakhstan,KAZ,107,26.0
1998,id50,1998-05-20,Barbados,BRB,108,26.0
1998,id50,1998-05-20,Congo,CGO,109,25.0
1998,id50,1998-05-20,Haiti,HAI,110,25.0
1998,id50,1998-05-20,Armenia,ARM,111,25.0
1998,id50,1998-05-20,Belarus,BLR,112,24.0
1998,id50,1998-05-20,Sudan,SDN,113,24.0
1998,id50,1998-05-20,Venezuela,VEN,114,24.0
1998,id50,1998-05-20,India,IND,115,24.0
1998,id50,1998-05-20,Uganda,UGA,116,24.0
1998,id50,1998-05-20,New Zealand,NZL,117,23.0
1998,id50,1998-05-20,Myanmar,MYA,118,23.0
1998,id50,1998-05-20,Tajikistan,TJK,119,22.0
1998,id50,1998-05-20,Gambia,GAM,120,22.0
1998,id50,1998-05-20,Faroe Islands,FRO,121,22.0
1998,id50,1998-05-20,St. Kitts and Nevis,SKN,122,21.0
1998,id50,1998-05-20,Azerbaijan,AZE,123,21.0
1998,id50,1998-05-20,Malta,MLT,124,20.0
1998,id50,1998-05-20,Jordan,JOR,125,20.0
1998,id50,1998-05-20,St. Vincent and the Grenadines,VIN,126,20.0
1998,id50,1998-05-20,Panama,PAN,127,20.0
1998,id50,1998-05-20,Mauritania,MTN,128,19.0
1998,id50,1998-05-20,Sri Lanka,SRI,129,19.0
1998,id50,1998-05-20,Dominica,DMA,130,18.0
1998,id50,1998-05-20,Ethiopia,ETH,131,17.0
1998,id50,1998-05-20,Benin,BEN,132,17.0
1998,id50,1998-05-20,St. Lucia,LCA,133,17.0
1998,id50,1998-05-20,Bahrain,BHR,134,17.0
1998,id50,1998-05-20,Yemen,YEM,135,16.0
1998,id50,1998-05-20,Lesotho,LES,136,16.0
1998,id50,1998-05-20,Solomon Islands,SOL,137,16.0
1998,id50,1998-05-20,Moldova,MDA,138,16.0
1998,id50,1998-05-20,Hong Kong,HKG,139,16.0
1998,id50,1998-05-20,Turkmenistan,TKM,140,16.0
1998,id50,1998-05-20,Kyrgyz Republic,KGZ,141,15.0
1998,id50,1998-05-20,Dominican Republic,DOM,142,15.0
1998,id50,1998-05-20,Luxembourg,LUX,143,14.0
1998,id50,1998-05-20,Antigua and Barbuda,ATG,144,14.0
1998,id50,1998-05-20,Laos,LAO,145,14.0
1998,id50,1998-05-20,Suriname,SUR,146,13.0
1998,id50,1998-05-20,Eswatini,SWZ,147,13.0
1998,id50,1998-05-20,Libya,LBY,148,12.0
1998,id50,1998-05-20,Bangladesh,BAN,149,12.0
1998,id50,1998-05-20,Fiji,FIJ,151,11.0
1998,id50,1998-05-20,Guinea-Bissau,GNB,152,11.0
1998,id50,1998-05-20,Guyana,GUY,153,11.0
1998,id50,1998-05-20,Botswana,BOT,154,10.0
1998,id50,1998-05-20,Niger,NIG,155,10.0
1998,id50,1998-05-20,Pakistan,PAK,156,9.0
1998,id50,1998-05-20,Mauritius,MRI,157,9.0
1998,id50,1998-05-20,Burundi,BDI,158,8.0
1998,id50,1998-05-20,Cambodia,CAM,159,8.0
1998,id50,1998-05-20,Maldives,MDV,160,8.0
1998,id50,1998-05-20,Macau,MAC,161,7.0
1998,id50,1998-05-20,Chinese Taipei,TPE,162,7.0
1998,id50,1998-05-20,Tahiti,TAH,163,7.0
1998,id50,1998-05-20,Cape Verde Islands,CPV,164,7.0
1998,id50,1998-05-20,Liechtenstein,LIE,165,7.0
1998,id50,1998-05-20,Nepal,NEP,166,7.0
1998,id50,1998-05-20,Cayman Islands,CAY,167,6.0
1998,id50,1998-05-20,Papua New Guinea,PNG,168,6.0
1998,id50,1998-05-20,Madagascar,MAD,169,6.0
1998,id50,1998-05-20,North Korea,PRK,170,5.0
1998,id50,1998-05-20,Puerto Rico,PUR,171,5.0
1998,id50,1998-05-20,Rwanda,RWA,172,5.0
1998,id50,1998-05-20,Aruba,ARU,173,5.0
1998,id50,1998-05-20,Philippines,PHI,174,4.0
1998,id50,1998-05-20,Tonga,TGA,175,4.0
1998,id50,1998-05-20,San Marino,SMR,176,4.0
1998,id50,1998-05-20,Brunei Darussalam,BRU,177,3.0
1998,id50,1998-05-20,Belize,BLZ,178,3.0
1998,id50,1998-05-20,British Virgin Islands,VGB,179,2.0
1998,id50,1998-05-20,Seychelles,SEY,180,2.0
1998,id50,1998-05-20,Samoa,SAM,181,2.0
1998,id50,1998-05-20,Chad,CHA,182,2.0
1998,id50,1998-05-20,Bermuda,BER,183,2.0
1998,id50,1998-05-20,Nicaragua,NCA,184,2.0
1998,id50,1998-05-20,Andorra,AND,185,2.0
1998,id50,1998-05-20,Vanuatu,VAN,186,1.0
1998,id50,1998-05-20,Somalia,SOM,187,1.0
1998,id50,1998-05-20,Central African Republic,CTA,188,1.0
1998,id50,1998-05-20,Djibouti,DJI,189,0.0
1998,id50,1998-05-20,Anguilla,AIA,190,0.0
1998,id50,1998-05-20,Cook Islands,COK,191,0.0
1998,id50,1998-05-20,Guam,GUM,192,0.0
2002,id97,2002-05-15,France,FRA,1,802.0
2002,id97,2002-05-15,Brazil,BRA,2,784.0
2002,id97,2002-05-15,Argentina,ARG,3,784.0
2002,id97,2002-05-15,Colombia,COL,4,728.0
2002,id97,2002-05-15,Portugal,POR,5,726.0
2002,id97,2002-05-15,Italy,ITA,6,717.0
2002,id97,2002-05-15,Mexico,MEX,7,716.0
2002,id97,2002-05-15,Spain,ESP,8,713.0
2002,id97,2002-05-15,Netherlands,NED,9,703.0
2002,id97,2002-05-15,Yugoslavia,YUG,10,702.0
2002,id97,2002-05-15,Germany,GER,11,695.0
2002,id97,2002-05-15,England,ENG,12,694.0
2002,id97,2002-05-15,USA,USA,13,690.0
2002,id97,2002-05-15,Romania,ROU,14,675.0
2002,id97,2002-05-15,Republic of Ireland,IRL,15,674.0
2002,id97,2002-05-15,Czech Republic,CZE,16,674.0
2002,id97,2002-05-15,Cameroon,CMR,17,672.0
2002,id97,2002-05-15,Paraguay,PAR,18,671.0
2002,id97,2002-05-15,Sweden,SWE,19,665.0
2002,id97,2002-05-15,Denmark,DEN,20,657.0
2002,id97,2002-05-15,Croatia,CRO,21,655.0
2002,id97,2002-05-15,Turkey,TUR,22,654.0
2002,id97,2002-05-15,Belgium,BEL,23,653.0
2002,id97,2002-05-15,Uruguay,URU,24,652.0
2002,id97,2002-05-15,Slovenia,SVN,25,649.0
2002,id97,2002-05-15,Honduras,HON,26,647.0
2002,id97,2002-05-15,Nigeria,NGA,27,644.0
2002,id97,2002-05-15,Russia,RUS,28,644.0
2002,id97,2002-05-15,Costa Rica,CRC,29,643.0
2002,id97,2002-05-15,Iran,IRN,30,635.0
2002,id97,2002-05-15,Tunisia,TUN,31,635.0
2002,id97,2002-05-15,Japan,JPN,32,634.0
2002,id97,2002-05-15,Norway,NOR,33,631.0
2002,id97,2002-05-15,Saudi Arabia,KSA,34,627.0
2002,id97,2002-05-15,Trinidad and Tobago,TRI,35,624.0
2002,id97,2002-05-15,Ecuador,ECU,36,624.0
2002,id97,2002-05-15,South Africa,RSA,37,623.0
2002,id97,2002-05-15,Poland,POL,38,615.0
2002,id97,2002-05-15,Morocco,MAR,39,612.0
2002,id97,2002-05-15,South Korea,KOR,40,603.0
2002,id97,2002-05-15,Finland,FIN,41,600.0
2002,id97,2002-05-15,Senegal,SEN,42,599.0
2002,id97,2002-05-15,Egypt,EGY,43,598.0
2002,id97,2002-05-15,Ukraine,UKR,44,593.0
2002,id97,2002-05-15,Chile,CHI,45,590.0
2002,id97,2002-05-15,Ivory Coast,CIV,46,580.0
2002,id97,2002-05-15,Peru,PER,47,578.0
2002,id97,2002-05-15,Australia,AUS,48,575.0
2002,id97,2002-05-15,Slovakia,SVK,49,574.0
2002,id97,2002-05-15,China PR,CHN,50,566.0
2002,id97,2002-05-15,Israel,ISR,51,563.0
2002,id97,2002-05-15,Ghana,GHA,52,558.0
2002,id97,2002-05-15,Greece,GRE,53,558.0
2002,id97,2002-05-15,Bulgaria,BUL,54,557.0
2002,id97,2002-05-15,Scotland,SCO,55,557.0
2002,id97,2002-05-15,Iceland,ISL,56,553.0
2002,id97,2002-05-15,Jamaica,JAM,57,549.0
2002,id97,2002-05-15,Angola,ANG,58,545.0
2002,id97,2002-05-15,Georgia,GEO,59,545.0
2002,id97,2002-05-15,Thailand,THA,60,544.0
2002,id97,2002-05-15,Austria,AUT,61,543.0
2002,id97,2002-05-15,Guatemala,GUA,62,538.0
2002,id97,2002-05-15,United Arab Emirates,UAE,63,536.0
2002,id97,2002-05-15,Switzerland,SUI,64,531.0
2002,id97,2002-05-15,Zambia,ZAM,65,530.0
2002,id97,2002-05-15,Zimbabwe,ZIM,66,527.0
2002,id97,2002-05-15,Uzbekistan,UZB,67,523.0
2002,id97,2002-05-15,Hungary,HUN,68,523.0
2002,id97,2002-05-15,Togo,TOG,69,518.0
2002,id97,2002-05-15,Bolivia,BOL,70,512.0
2002,id97,2002-05-15,Iraq,IRQ,71,509.0
2002,id97,2002-05-15,Bosnia and Herzegovina,BIH,72,508.0
2002,id97,2002-05-15,Qatar,QAT,73,507.0
2002,id97,2002-05-15,DR Congo,COD,74,505.0
2002,id97,2002-05-15,Canada,CAN,75,504.0
2002,id97,2002-05-15,Liberia,LBR,76,500.0
2002,id97,2002-05-15,Kuwait,KUW,77,500.0
2002,id97,2002-05-15,Cuba,CUB,78,498.0
2002,id97,2002-05-15,Algeria,ALG,79,497.0
2002,id97,2002-05-15,Burkina Faso,BFA,80,497.0
2002,id97,2002-05-15,Haiti,HAI,81,496.0
2002,id97,2002-05-15,Cyprus,CYP,82,492.0
2002,id97,2002-05-15,Venezuela,VEN,83,488.0
2002,id97,2002-05-15,El Salvador,SLV,84,480.0
2002,id97,2002-05-15,Mali,MLI,85,471.0
2002,id97,2002-05-15,Estonia,EST,86,471.0
2002,id97,2002-05-15,New Zealand,NZL,87,471.0
2002,id97,2002-05-15,Belarus,BLR,88,463.0
2002,id97,2002-05-15,FYR Macedonia,MKD,89,462.0
2002,id97,2002-05-15,Northern Ireland,NIR,90,455.0
2002,id97,2002-05-15,Oman,OMA,91,454.0
2002,id97,2002-05-15,Indonesia,IDN,92,453.0
2002,id97,2002-05-15,Syria,SYR,93,449.0
2002,id97,2002-05-15,Lebanon,LBN,94,445.0
2002,id97,2002-05-15,Albania,ALB,95,442.0
2002,id97,2002-05-15,Wales,WAL,96,440.0
2002,id97,2002-05-15,Congo,CGO,97,439.0
2002,id97,2002-05-15,Lithuania,LTU,98,436.0
2002,id97,2002-05-15,Latvia,LVA,99,435.0
2002,id97,2002-05-15,Jordan,JOR,100,434.0
2002,id97,2002-05-15,Armenia,ARM,101,433.0
2002,id97,2002-05-15,Kazakhstan,KAZ,102,429.0
2002,id97,2002-05-15,Moldova,MDA,103,425.0
2002,id97,2002-05-15,Gabon,GAB,104,422.0
2002,id97,2002-05-15,Namibia,NAM,105,422.0
2002,id97,2002-05-15,Kenya,KEN,106,418.0
2002,id97,2002-05-15,Vietnam,VIE,107,417.0
2002,id97,2002-05-15,Bahrain,BHR,108,409.0
2002,id97,2002-05-15,Barbados,BRB,109,407.0
2002,id97,2002-05-15,Guinea,GUI,110,399.0
2002,id97,2002-05-15,Panama,PAN,111,388.0
2002,id97,2002-05-15,Malaysia,MAS,112,384.0
2002,id97,2002-05-15,Singapore,SGP,113,381.0
2002,id97,2002-05-15,Turkmenistan,TKM,114,377.0
2002,id97,2002-05-15,Azerbaijan,AZE,115,377.0
2002,id97,2002-05-15,Libya,LBY,116,374.0
2002,id97,2002-05-15,Madagascar,MAD,117,366.0
2002,id97,2002-05-15,Malta,MLT,118,366.0
2002,id97,2002-05-15,Faroe Islands,FRO,119,365.0
2002,id97,2002-05-15,Uganda,UGA,120,364.0
2002,id97,2002-05-15,Sudan,SDN,121,360.0
2002,id97,2002-05-15,Malawi,MWI,122,353.0
2002,id97,2002-05-15,India,IND,123,350.0
2002,id97,2002-05-15,Eswatini,SWZ,124,349.0
2002,id97,2002-05-15,Fiji,FIJ,125,340.0
2002,id97,2002-05-15,North Korea,PRK,126,339.0
2002,id97,2002-05-15,Mauritius,MRI,127,335.0
2002,id97,2002-05-15,Tahiti,TAH,128,332.0
2002,id97,2002-05-15,Mozambique,MOZ,129,330.0
2002,id97,2002-05-15,Burundi,BDI,130,328.0
2002,id97,2002-05-15,St. Vincent and the Grenadines,VIN,131,327.0
2002,id97,2002-05-15,St. Kitts and Nevis,SKN,132,320.0
2002,id97,2002-05-15,Rwanda,RWA,133,319.0
2002,id97,2002-05-15,Ethiopia,ETH,134,318.0
2002,id97,2002-05-15,St. Lucia,LCA,135,318.0
2002,id97,2002-05-15,Lesotho,LES,136,313.0
2002,id97,2002-05-15,Solomon Islands,SOL,137,305.0
2002,id97,2002-05-15,Grenada,GRN,138,305.0
2002,id97,2002-05-15,Botswana,BOT,139,303.0
2002,id97,2002-05-15,Yemen,YEM,140,297.0
2002,id97,2002-05-15,Andorra,AND,141,286.0
2002,id97,2002-05-15,Sri Lanka,SRI,142,281.0
2002,id97,2002-05-15,Hong Kong,HKG,143,280.0
2002,id97,2002-05-15,Sierra Leone,SLE,144,279.0
2002,id97,2002-05-15,Luxembourg,LUX,145,266.0
2002,id97,2002-05-15,Suriname,SUR,146,260.0
2002,id97,2002-05-15,Palestine,PLE,147,247.0
2002,id97,2002-05-15,Maldives,MDV,148,245.0
2002,id97,2002-05-15,Bangladesh,BAN,149,241.0
2002,id97,2002-05-15,Liechtenstein,LIE,150,241.0
2002,id97,2002-05-15,Benin,BEN,151,239.0
2002,id97,2002-05-15,Tanzania,TAN,152,237.0
2002,id97,2002-05-15,Myanmar,MYA,153,229.0
2002,id97,2002-05-15,Gambia,GAM,154,227.0
2002,id97,2002-05-15,Tajikistan,TJK,155,221.0
2002,id97,2002-05-15,Nepal,NEP,156,214.0
2002,id97,2002-05-15,Belize,BLZ,157,211.0
2002,id97,2002-05-15,Antigua and Barbuda,ATG,158,211.0
2002,id97,2002-05-15,San Marino,SMR,159,204.0
2002,id97,2002-05-15,Cape Verde Islands,CPV,160,202.0
2002,id97,2002-05-15,Dominican Republic,DOM,161,198.0
2002,id97,2002-05-15,British Virgin Islands,VGB,162,197.0
2002,id97,2002-05-15,Dominica,DMA,163,197.0
2002,id97,2002-05-15,Laos,LAO,164,196.0
2002,id97,2002-05-15,Samoa,SAM,165,195.0
2002,id97,2002-05-15,Kyrgyz Republic,KGZ,166,195.0
2002,id97,2002-05-15,Cayman Islands,CAY,167,188.0
2002,id97,2002-05-15,Bermuda,BER,168,187.0
2002,id97,2002-05-15,Eritrea,ERI,169,182.0
2002,id97,2002-05-15,Vanuatu,VAN,170,180.0
2002,id97,2002-05-15,Cambodia,CAM,171,175.0
2002,id97,2002-05-15,Chinese Taipei,TPE,172,170.0
2002,id97,2002-05-15,Tonga,TGA,173,157.0
2002,id97,2002-05-15,Guinea-Bissau,GNB,174,147.0
2002,id97,2002-05-15,Philippines,PHI,175,145.0
2002,id97,2002-05-15,Chad,CHA,176,144.0
2002,id97,2002-05-15,Guyana,GUY,177,143.0
2002,id97,2002-05-15,Mauritania,MTN,178,140.0
2002,id97,2002-05-15,Cook Islands,COK,179,139.0
2002,id97,2002-05-15,Papua New Guinea,PNG,180,130.0
2002,id97,2002-05-15,Pakistan,PAK,181,130.0
2002,id97,2002-05-15,Macau,MAC,182,109.0
2002,id97,2002-05-15,Central African Republic,CTA,183,106.0
2002,id97,2002-05-15,Bahamas,BAH,184,103.0
2002,id97,2002-05-15,Aruba,ARU,186,99.0
2002,id97,2002-05-15,Sao Tome e Principe,STP,187,97.0
2002,id97,2002-05-15,Mongolia,MNG,188,92.0
2002,id97,2002-05-15,Nicaragua,NCA,189,88.0
2002,id97,2002-05-15,Brunei Darussalam,BRU,190,83.0
2002,id97,2002-05-15,Equatorial Guinea,EQG,191,76.0
2002,id97,2002-05-15,Djibouti,DJI,192,73.0
2002,id97,2002-05-15,Niger,NIG,193,68.0
2002,id97,2002-05-15,Seychelles,SEY,194,67.0
2002,id97,2002-05-15,Somalia,SOM,195,66.0
2002,id97,2002-05-15,Anguilla,AIA,196,63.0
2002,id97,2002-05-15,Puerto Rico,PUR,197,53.0
2002,id97,2002-05-15,US Virgin Islands,VIR,198,46.0
2002,id97,2002-05-15,Guam,GUM,199,24.0
2002,id97,2002-05-15,Turks and Caicos Islands,TCA,200,19.0
2002,id97,2002-05-15,American Samoa,ASA,201,19.0
2002,id97,2002-05-15,Bhutan,BHU,202,13.0
2002,id97,2002-05-15,Montserrat,MSR,203,9.0
2006,id145,2006-05-17,Brazil,BRA,1,827.0
2006,id145,2006-05-17,Czech Republic,CZE,2,772.0
2006,id145,2006-05-17,Netherlands,NED,3,768.0
2006,id145,2006-05-17,Mexico,MEX,4,758.0
2006,id145,2006-05-17,USA,USA,5,756.0
2006,id145,2006-05-17,Spain,ESP,5,756.0
2006,id145,2006-05-17,Portugal,POR,7,750.0
2006,id145,2006-05-17,France,FRA,8,749.0
2006,id145,2006-05-17,Argentina,ARG,9,746.0
2006,id145,2006-05-17,England,ENG,10,741.0
2006,id145,2006-05-17,Nigeria,NGA,11,736.0
2006,id145,2006-05-17,Denmark,DEN,11,736.0
2006,id145,2006-05-17,Italy,ITA,13,728.0
2006,id145,2006-05-17,Turkey,TUR,14,726.0
2006,id145,2006-05-17,Cameroon,CMR,15,722.0
2006,id145,2006-05-17,Sweden,SWE,16,709.0
2006,id145,2006-05-17,Egypt,EGY,17,708.0
2006,id145,2006-05-17,Japan,JPN,18,705.0
2006,id145,2006-05-17,Germany,GER,19,696.0
2006,id145,2006-05-17,Greece,GRE,20,694.0
2006,id145,2006-05-17,Tunisia,TUN,21,693.0
2006,id145,2006-05-17,Uruguay,URU,22,689.0
2006,id145,2006-05-17,Iran,IRN,23,686.0
2006,id145,2006-05-17,Croatia,CRO,23,686.0
2006,id145,2006-05-17,Romania,ROU,25,685.0
2006,id145,2006-05-17,Costa Rica,CRC,26,683.0
2006,id145,2006-05-17,Colombia,COL,27,681.0
2006,id145,2006-05-17,Senegal,SEN,28,679.0
2006,id145,2006-05-17,Poland,POL,29,677.0
2006,id145,2006-05-17,South Korea,KOR,29,677.0
2006,id145,2006-05-17,Republic of Ireland,IRL,31,671.0
2006,id145,2006-05-17,Ivory Coast,CIV,32,669.0
2006,id145,2006-05-17,Paraguay,PAR,33,653.0
2006,id145,2006-05-17,Saudi Arabia,KSA,34,651.0
2006,id145,2006-05-17,Switzerland,SUI,35,648.0
2006,id145,2006-05-17,Morocco,MAR,36,646.0
2006,id145,2006-05-17,Russia,RUS,37,645.0
2006,id145,2006-05-17,Bulgaria,BUL,37,645.0
2006,id145,2006-05-17,Ecuador,ECU,39,631.0
2006,id145,2006-05-17,Norway,NOR,40,627.0
2006,id145,2006-05-17,Slovakia,SVK,41,613.0
2006,id145,2006-05-17,Honduras,HON,42,612.0
2006,id145,2006-05-17,Australia,AUS,42,612.0
2006,id145,2006-05-17,Serbia and Montenegro,SCG,44,610.0
2006,id145,2006-05-17,Ukraine,UKR,45,609.0
2006,id145,2006-05-17,Jamaica,JAM,46,607.0
2006,id145,2006-05-17,Trinidad and Tobago,TRI,47,604.0
2006,id145,2006-05-17,Ghana,GHA,48,600.0
2006,id145,2006-05-17,Finland,FIN,49,599.0
2006,id145,2006-05-17,Israel,ISR,49,599.0
2006,id145,2006-05-17,Guinea,GUI,51,597.0
2006,id145,2006-05-17,Iraq,IRQ,52,595.0
2006,id145,2006-05-17,South Africa,RSA,53,593.0
2006,id145,2006-05-17,Bahrain,BHR,54,588.0
2006,id145,2006-05-17,Zimbabwe,ZIM,55,586.0
2006,id145,2006-05-17,Belgium,BEL,56,582.0
2006,id145,2006-05-17,Angola,ANG,57,581.0
2006,id145,2006-05-17,Zambia,ZAM,57,581.0
2006,id145,2006-05-17,Scotland,SCO,59,576.0
2006,id145,2006-05-17,Uzbekistan,UZB,60,571.0
2006,id145,2006-05-17,Togo,TOG,61,569.0
2006,id145,2006-05-17,Guatemala,GUA,62,565.0
2006,id145,2006-05-17,Bosnia and Herzegovina,BIH,63,561.0
2006,id145,2006-05-17,Chile,CHI,64,557.0
2006,id145,2006-05-17,Belarus,BLR,65,553.0
2006,id145,2006-05-17,Peru,PER,66,550.0
2006,id145,2006-05-17,Mali,MLI,66,550.0
2006,id145,2006-05-17,China PR,CHN,68,545.0
2006,id145,2006-05-17,DR Congo,COD,69,544.0
2006,id145,2006-05-17,Latvia,LVA,70,541.0
2006,id145,2006-05-17,Slovenia,SVN,71,539.0
2006,id145,2006-05-17,Venezuela,VEN,71,539.0
2006,id145,2006-05-17,United Arab Emirates,UAE,71,539.0
2006,id145,2006-05-17,Kuwait,KUW,74,538.0
2006,id145,2006-05-17,Wales,WAL,74,538.0
2006,id145,2006-05-17,Hungary,HUN,76,535.0
2006,id145,2006-05-17,Estonia,EST,77,534.0
2006,id145,2006-05-17,Qatar,QAT,78,533.0
2006,id145,2006-05-17,Austria,AUT,79,531.0
2006,id145,2006-05-17,Cuba,CUB,80,527.0
2006,id145,2006-05-17,Panama,PAN,81,523.0
2006,id145,2006-05-17,Oman,OMA,82,519.0
2006,id145,2006-05-17,Canada,CAN,83,515.0
2006,id145,2006-05-17,Jordan,JOR,84,513.0
2006,id145,2006-05-17,Albania,ALB,85,512.0
2006,id145,2006-05-17,Libya,LBY,86,511.0
2006,id145,2006-05-17,Algeria,ALG,87,505.0
2006,id145,2006-05-17,North Korea,PRK,88,503.0
2006,id145,2006-05-17,Burkina Faso,BFA,89,500.0
2006,id145,2006-05-17,Syria,SYR,90,496.0
2006,id145,2006-05-17,FYR Macedonia,MKD,91,489.0
2006,id145,2006-05-17,Singapore,SGP,92,482.0
2006,id145,2006-05-17,Lithuania,LTU,93,481.0
2006,id145,2006-05-17,Rwanda,RWA,94,476.0
2006,id145,2006-05-17,Kenya,KEN,95,471.0
2006,id145,2006-05-17,Northern Ireland,NIR,96,469.0
2006,id145,2006-05-17,Uganda,UGA,97,468.0
2006,id145,2006-05-17,Sudan,SDN,97,468.0
2006,id145,2006-05-17,Iceland,ISL,99,463.0
2006,id145,2006-05-17,Cyprus,CYP,100,462.0
2006,id145,2006-05-17,Georgia,GEO,101,459.0
2006,id145,2006-05-17,Bolivia,BOL,102,456.0
2006,id145,2006-05-17,Botswana,BOT,103,454.0
2006,id145,2006-05-17,Moldova,MDA,104,452.0
2006,id145,2006-05-17,Gabon,GAB,105,448.0
2006,id145,2006-05-17,Haiti,HAI,106,447.0
2006,id145,2006-05-17,Malawi,MWI,107,436.0
2006,id145,2006-05-17,Thailand,THA,108,435.0
2006,id145,2006-05-17,Armenia,ARM,109,416.0
2006,id145,2006-05-17,Indonesia,IDN,110,402.0
2006,id145,2006-05-17,Congo,CGO,111,397.0
2006,id145,2006-05-17,Azerbaijan,AZE,112,392.0
2006,id145,2006-05-17,Ethiopia,ETH,112,392.0
2006,id145,2006-05-17,Benin,BEN,114,387.0
2006,id145,2006-05-17,Palestine,PLE,115,384.0
2006,id145,2006-05-17,Hong Kong,HKG,116,381.0
2006,id145,2006-05-17,India,IND,117,378.0
2006,id145,2006-05-17,New Zealand,NZL,118,376.0
2006,id145,2006-05-17,Barbados,BRB,119,372.0
2006,id145,2006-05-17,Turkmenistan,TKM,120,371.0
2006,id145,2006-05-17,Tajikistan,TJK,121,369.0
2006,id145,2006-05-17,Lebanon,LBN,122,368.0
2006,id145,2006-05-17,Liechtenstein,LIE,123,360.0
2006,id145,2006-05-17,Cape Verde Islands,CPV,123,360.0
2006,id145,2006-05-17,Malta,MLT,125,359.0
2006,id145,2006-05-17,Vietnam,VIE,126,353.0
2006,id145,2006-05-17,Mozambique,MOZ,127,346.0
2006,id145,2006-05-17,Malaysia,MAS,127,346.0
2006,id145,2006-05-17,Andorra,AND,129,343.0
2006,id145,2006-05-17,El Salvador,SLV,129,343.0
2006,id145,2006-05-17,St. Lucia,LCA,131,331.0
2006,id145,2006-05-17,Yemen,YEM,132,327.0
2006,id145,2006-05-17,St. Kitts and Nevis,SKN,133,325.0
2006,id145,2006-05-17,St. Vincent and the Grenadines,VIN,133,325.0
2006,id145,2006-05-17,Kazakhstan,KAZ,135,319.0
2006,id145,2006-05-17,Sri Lanka,SRI,136,318.0
2006,id145,2006-05-17,Maldives,MDV,137,315.0
2006,id145,2006-05-17,Eswatini,SWZ,138,314.0
2006,id145,2006-05-17,Faroe Islands,FRO,139,313.0
2006,id145,2006-05-17,Bangladesh,BAN,140,307.0
2006,id145,2006-05-17,Lesotho,LES,141,306.0
2006,id145,2006-05-17,Fiji,FIJ,142,305.0
2006,id145,2006-05-17,Liberia,LBR,143,304.0
2006,id145,2006-05-17,Solomon Islands,SOL,144,293.0
2006,id145,2006-05-17,Tahiti,TAH,145,287.0
2006,id145,2006-05-17,Mauritius,MRI,146,274.0
2006,id145,2006-05-17,Kyrgyz Republic,KGZ,147,273.0
2006,id145,2006-05-17,Vanuatu,VAN,148,257.0
2006,id145,2006-05-17,Myanmar,MYA,149,255.0
2006,id145,2006-05-17,Burundi,BDI,150,254.0
2006,id145,2006-05-17,Madagascar,MAD,151,252.0
2006,id145,2006-05-17,Luxembourg,LUX,152,248.0
2006,id145,2006-05-17,Pakistan,PAK,153,247.0
2006,id145,2006-05-17,Equatorial Guinea,EQG,154,244.0
2006,id145,2006-05-17,Grenada,GRN,155,240.0
2006,id145,2006-05-17,Chinese Taipei,TPE,156,239.0
2006,id145,2006-05-17,Nicaragua,NCA,157,237.0
2006,id145,2006-05-17,Suriname,SUR,158,235.0
2006,id145,2006-05-17,Chad,CHA,159,234.0
2006,id145,2006-05-17,Antigua and Barbuda,ATG,160,233.0
2006,id145,2006-05-17,San Marino,SMR,161,229.0
2006,id145,2006-05-17,Guyana,GUY,162,211.0
2006,id145,2006-05-17,Bermuda,BER,162,211.0
2006,id145,2006-05-17,Namibia,NAM,164,209.0
2006,id145,2006-05-17,Sierra Leone,SLE,165,207.0
2006,id145,2006-05-17,Gambia,GAM,166,198.0
2006,id145,2006-05-17,Tanzania,TAN,167,193.0
2006,id145,2006-05-17,Papua New Guinea,PNG,168,185.0
2006,id145,2006-05-17,Nepal,NEP,169,184.0
2006,id145,2006-05-17,Eritrea,ERI,171,174.0
2006,id145,2006-05-17,Laos,LAO,172,173.0
2006,id145,2006-05-17,British Virgin Islands,VGB,173,169.0
2006,id145,2006-05-17,Dominica,DMA,174,164.0
2006,id145,2006-05-17,Dominican Republic,DOM,175,151.0
2006,id145,2006-05-17,Seychelles,SEY,176,147.0
2006,id145,2006-05-17,Niger,NIG,177,138.0
2006,id145,2006-05-17,Mauritania,MTN,178,134.0
2006,id145,2006-05-17,Mongolia,MNG,179,133.0
2006,id145,2006-05-17,Belize,BLZ,180,129.0
2006,id145,2006-05-17,Central African Republic,CTA,181,128.0
2006,id145,2006-05-17,Cayman Islands,CAY,182,127.0
2006,id145,2006-05-17,Samoa,SAM,183,125.0
2006,id145,2006-05-17,Cambodia,CAM,184,112.0
2006,id145,2006-05-17,Somalia,SOM,185,110.0
2006,id145,2006-05-17,Guinea-Bissau,GNB,186,107.0
2006,id145,2006-05-17,Tonga,TGA,187,105.0
2006,id145,2006-05-17,Afghanistan,AFG,188,102.0
2006,id145,2006-05-17,New Caledonia,NCL,188,102.0
2006,id145,2006-05-17,Bhutan,BHU,190,88.0
2006,id145,2006-05-17,Philippines,PHI,191,84.0
2006,id145,2006-05-17,Macau,MAC,192,83.0
2006,id145,2006-05-17,Brunei Darussalam,BRU,193,73.0
2006,id145,2006-05-17,Bahamas,BAH,194,64.0
2006,id145,2006-05-17,Cook Islands,COK,195,61.0
2006,id145,2006-05-17,Puerto Rico,PUR,196,60.0
2006,id145,2006-05-17,US Virgin Islands,VIR,197,55.0
2006,id145,2006-05-17,Sao Tome e Principe,STP,198,52.0
2006,id145,2006-05-17,Anguilla,AIA,199,50.0
2006,id145,2006-05-17,Djibouti,DJI,200,45.0
2006,id145,2006-05-17,Aruba,ARU,201,44.0
2006,id145,2006-05-17,Montserrat,MSR,202,29.0
2006,id145,2006-05-17,Guam,GUM,203,22.0
2006,id145,2006-05-17,Turks and Caicos Islands,TCA,204,21.0
2006,id145,2006-05-17,American Samoa,ASA,205,14.0
2010,id9276,2010-05-26,Brazil,BRA,1,1611.0
2010,id9276,2010-05-26,Spain,ESP,2,1565.0
2010,id9276,2010-05-26,Portugal,POR,3,1249.0
2010,id9276,2010-05-26,Netherlands,NED,4,1231.0
2010,id9276,2010-05-26,Italy,ITA,5,1184.0
2010,id9276,2010-05-26,Germany,GER,6,1082.0
2010,id9276,2010-05-26,Argentina,ARG,7,1076.0
2010,id9276,2010-05-26,England,ENG,8,1068.0
2010,id9276,2010-05-26,France,FRA,9,1044.0
2010,id9276,2010-05-26,Croatia,CRO,10,1041.0
2010,id9276,2010-05-26,Russia,RUS,11,1015.0
2010,id9276,2010-05-26,Egypt,EGY,12,967.0
2010,id9276,2010-05-26,Greece,GRE,13,964.0
2010,id9276,2010-05-26,USA,USA,14,957.0
2010,id9276,2010-05-26,Serbia,SRB,15,947.0
2010,id9276,2010-05-26,Uruguay,URU,16,899.0
2010,id9276,2010-05-26,Mexico,MEX,17,895.0
2010,id9276,2010-05-26,Chile,CHI,18,888.0
2010,id9276,2010-05-26,Cameroon,CMR,19,887.0
2010,id9276,2010-05-26,Australia,AUS,20,886.0
2010,id9276,2010-05-26,Nigeria,NGA,21,883.0
2010,id9276,2010-05-26,Norway,NOR,22,882.0
2010,id9276,2010-05-26,Ukraine,UKR,23,875.0
2010,id9276,2010-05-26,Switzerland,SUI,24,866.0
2010,id9276,2010-05-26,Slovenia,SVN,25,860.0
2010,id9276,2010-05-26,Israel,ISR,26,857.0
2010,id9276,2010-05-26,Ivory Coast,CIV,27,856.0
2010,id9276,2010-05-26,Romania,ROU,28,853.0
2010,id9276,2010-05-26,Turkey,TUR,29,830.0
2010,id9276,2010-05-26,Algeria,ALG,30,821.0
2010,id9276,2010-05-26,Paraguay,PAR,31,820.0
2010,id9276,2010-05-26,Ghana,GHA,32,800.0
2010,id9276,2010-05-26,Czech Republic,CZE,33,793.0
2010,id9276,2010-05-26,Slovakia,SVK,34,777.0
2010,id9276,2010-05-26,Colombia,COL,35,776.0
2010,id9276,2010-05-26,Denmark,DEN,36,767.0
2010,id9276,2010-05-26,Sweden,SWE,37,761.0
2010,id9276,2010-05-26,Honduras,HON,38,734.0
2010,id9276,2010-05-26,Bulgaria,BUL,39,711.0
2010,id9276,2010-05-26,Costa Rica,CRC,40,710.0
2010,id9276,2010-05-26,Republic of Ireland,IRL,41,709.0
2010,id9276,2010-05-26,Gabon,GAB,42,700.0
2010,id9276,2010-05-26,Scotland,SCO,43,699.0
2010,id9276,2010-05-26,Ecuador,ECU,44,694.0
2010,id9276,2010-05-26,Japan,JPN,45,682.0
2010,id9276,2010-05-26,Latvia,LVA,46,652.0
2010,id9276,2010-05-26,South Korea,KOR,47,632.0
2010,id9276,2010-05-26,Burkina Faso,BFA,48,611.0
2010,id9276,2010-05-26,Venezuela,VEN,49,608.0
2010,id9276,2010-05-26,Lithuania,LTU,49,608.0
2010,id9276,2010-05-26,Bosnia and Herzegovina,BIH,51,604.0
2010,id9276,2010-05-26,Finland,FIN,52,584.0
2010,id9276,2010-05-26,Peru,PER,53,578.0
2010,id9276,2010-05-26,Mali,MLI,54,575.0
2010,id9276,2010-05-26,Tunisia,TUN,55,574.0
2010,id9276,2010-05-26,Northern Ireland,NIR,56,566.0
2010,id9276,2010-05-26,Hungary,HUN,57,565.0
2010,id9276,2010-05-26,Poland,POL,58,561.0
2010,id9276,2010-05-26,Belgium,BEL,59,541.0
2010,id9276,2010-05-26,Benin,BEN,60,531.0
2010,id9276,2010-05-26,Iran,IRN,61,521.0
2010,id9276,2010-05-26,FYR Macedonia,MKD,61,521.0
2010,id9276,2010-05-26,Canada,CAN,63,516.0
2010,id9276,2010-05-26,Montenegro,MNE,64,500.0
2010,id9276,2010-05-26,Bolivia,BOL,65,499.0
2010,id9276,2010-05-26,Saudi Arabia,KSA,66,498.0
2010,id9276,2010-05-26,Cyprus,CYP,67,486.0
2010,id9276,2010-05-26,Austria,AUT,68,479.0
2010,id9276,2010-05-26,Bahrain,BHR,69,475.0
2010,id9276,2010-05-26,Morocco,MAR,70,463.0
2010,id9276,2010-05-26,Zambia,ZAM,71,456.0
2010,id9276,2010-05-26,El Salvador,SLV,72,452.0
2010,id9276,2010-05-26,Uganda,UGA,73,440.0
2010,id9276,2010-05-26,Panama,PAN,74,434.0
2010,id9276,2010-05-26,Senegal,SEN,75,422.0
2010,id9276,2010-05-26,Togo,TOG,76,418.0
2010,id9276,2010-05-26,Wales,WAL,77,415.0
2010,id9276,2010-05-26,New Zealand,NZL,78,410.0
2010,id9276,2010-05-26,Albania,ALB,79,406.0
2010,id9276,2010-05-26,Iraq,IRQ,80,405.0
2010,id9276,2010-05-26,Jamaica,JAM,81,399.0
2010,id9276,2010-05-26,Belarus,BLR,82,397.0
2010,id9276,2010-05-26,South Africa,RSA,83,392.0
2010,id9276,2010-05-26,China PR,CHN,84,387.0
2010,id9276,2010-05-26,Mozambique,MOZ,85,383.0
2010,id9276,2010-05-26,Malawi,MWI,86,382.0
2010,id9276,2010-05-26,Guinea,GUI,87,381.0
2010,id9276,2010-05-26,Angola,ANG,88,379.0
2010,id9276,2010-05-26,Moldova,MDA,89,378.0
2010,id9276,2010-05-26,Iceland,ISL,90,367.0
2010,id9276,2010-05-26,Oman,OMA,91,362.0
2010,id9276,2010-05-26,Haiti,HAI,91,362.0
2010,id9276,2010-05-26,Gambia,GAM,93,361.0
2010,id9276,2010-05-26,Uzbekistan,UZB,94,354.0
2010,id9276,2010-05-26,Trinidad and Tobago,TRI,95,353.0
2010,id9276,2010-05-26,Qatar,QAT,96,351.0
2010,id9276,2010-05-26,Kuwait,KUW,97,350.0
2010,id9276,2010-05-26,Syria,SYR,98,343.0
2010,id9276,2010-05-26,Estonia,EST,99,320.0
2010,id9276,2010-05-26,Armenia,ARM,100,311.0
2010,id9276,2010-05-26,United Arab Emirates,UAE,101,310.0
2010,id9276,2010-05-26,Libya,LBY,102,309.0
2010,id9276,2010-05-26,Congo,CGO,103,308.0
2010,id9276,2010-05-26,Jordan,JOR,104,300.0
2010,id9276,2010-05-26,North Korea,PRK,105,285.0
2010,id9276,2010-05-26,Thailand,THA,106,276.0
2010,id9276,2010-05-26,Rwanda,RWA,107,269.0
2010,id9276,2010-05-26,Tanzania,TAN,108,261.0
2010,id9276,2010-05-26,Azerbaijan,AZE,109,259.0
2010,id9276,2010-05-26,Zimbabwe,ZIM,110,258.0
2010,id9276,2010-05-26,Namibia,NAM,111,251.0
2010,id9276,2010-05-26,Yemen,YEM,112,248.0
2010,id9276,2010-05-26,Kenya,KEN,113,243.0
2010,id9276,2010-05-26,Cape Verde Islands,CPV,114,241.0
2010,id9276,2010-05-26,Guatemala,GUA,114,241.0
2010,id9276,2010-05-26,Botswana,BOT,116,236.0
2010,id9276,2010-05-26,Vietnam,VIE,117,231.0
2010,id9276,2010-05-26,Sudan,SDN,118,219.0
2010,id9276,2010-05-26,Antigua and Barbuda,ATG,119,218.0
2010,id9276,2010-05-26,Georgia,GEO,120,217.0
2010,id9276,2010-05-26,DR Congo,COD,121,215.0
2010,id9276,2010-05-26,Guyana,GUY,122,205.0
2010,id9276,2010-05-26,Ethiopia,ETH,123,200.0
2010,id9276,2010-05-26,Grenada,GRN,124,198.0
2010,id9276,2010-05-26,Faroe Islands,FRO,125,196.0
2010,id9276,2010-05-26,Cuba,CUB,126,194.0
2010,id9276,2010-05-26,Luxembourg,LUX,127,193.0
2010,id9276,2010-05-26,Singapore,SGP,127,193.0
2010,id9276,2010-05-26,Kazakhstan,KAZ,129,183.0
2010,id9276,2010-05-26,Sierra Leone,SLE,130,181.0
2010,id9276,2010-05-26,Swaziland,SWZ,131,171.0
2010,id9276,2010-05-26,Fiji,FIJ,132,167.0
2010,id9276,2010-05-26,India,IND,133,163.0
2010,id9276,2010-05-26,Bermuda,BER,134,160.0
2010,id9276,2010-05-26,Barbados,BRB,135,155.0
2010,id9276,2010-05-26,Tajikistan,TJK,135,155.0
2010,id9276,2010-05-26,Suriname,SUR,137,153.0
2010,id9276,2010-05-26,Indonesia,IDN,137,153.0
2010,id9276,2010-05-26,Turkmenistan,TKM,139,151.0
2010,id9276,2010-05-26,Hong Kong,HKG,140,150.0
2010,id9276,2010-05-26,Equatorial Guinea,EQG,141,142.0
2010,id9276,2010-05-26,Maldives,MDV,142,129.0
2010,id9276,2010-05-26,Chad,CHA,143,128.0
2010,id9276,2010-05-26,Burundi,BDI,144,127.0
2010,id9276,2010-05-26,New Caledonia,NCL,145,126.0
2010,id9276,2010-05-26,Malaysia,MAS,146,123.0
2010,id9276,2010-05-26,Myanmar,MYA,147,122.0
2010,id9276,2010-05-26,Madagascar,MAD,148,121.0
2010,id9276,2010-05-26,Liechtenstein,LIE,149,117.0
2010,id9276,2010-05-26,Liberia,LBR,150,114.0
2010,id9276,2010-05-26,St. Kitts and Nevis,SKN,151,113.0
2010,id9276,2010-05-26,Lesotho,LES,152,109.0
2010,id9276,2010-05-26,Vanuatu,VAN,153,108.0
2010,id9276,2010-05-26,Netherlands Antilles,ANT,154,103.0
2010,id9276,2010-05-26,Eritrea,ERI,155,101.0
2010,id9276,2010-05-26,Nicaragua,NCA,155,101.0
2010,id9276,2010-05-26,Malta,MLT,157,100.0
2010,id9276,2010-05-26,Bangladesh,BAN,157,100.0
2010,id9276,2010-05-26,Sri Lanka,SRI,159,99.0
2010,id9276,2010-05-26,Lebanon,LIB,160,98.0
2010,id9276,2010-05-26,Nepal,NEP,161,96.0
2010,id9276,2010-05-26,Niger,NIG,162,92.0
2010,id9276,2010-05-26,St. Vincent / Grenadines,VIN,163,91.0
2010,id9276,2010-05-26,Mauritania,MTN,164,81.0
2010,id9276,2010-05-26,Pakistan,PAK,165,78.0
2010,id9276,2010-05-26,Puerto Rico,PUR,166,76.0
2010,id9276,2010-05-26,Chinese Taipei,TPE,167,75.0
2010,id9276,2010-05-26,Kyrgyz Republic,KGZ,168,74.0
2010,id9276,2010-05-26,Philippines,PHI,169,67.0
2010,id9276,2010-05-26,Solomon Islands,SOL,170,60.0
2010,id9276,2010-05-26,Comoros,COM,171,43.0
2010,id9276,2010-05-26,Mauritius,MRI,172,40.0
2010,id9276,2010-05-26,Somalia,SOM,173,39.0
2010,id9276,2010-05-26,Laos,LAO,173,39.0
2010,id9276,2010-05-26,Cayman Islands,CAY,173,39.0
2010,id9276,2010-05-26,Palestine,PLE,173,39.0
2010,id9276,2010-05-26,Samoa,SAM,177,38.0
2010,id9276,2010-05-26,Seychelles,SEY,178,37.0
2010,id9276,2010-05-26,Mongolia,MNG,179,36.0
2010,id9276,2010-05-26,Belize,BLZ,179,36.0
2010,id9276,2010-05-26,Bahamas,BAH,181,34.0
2010,id9276,2010-05-26,Cook Islands,COK,181,34.0
2010,id9276,2010-05-26,Dominica,DMA,183,33.0
2010,id9276,2010-05-26,Turks and Caicos Islands,TCA,184,32.0
2010,id9276,2010-05-26,Cambodia,CAM,185,30.0
2010,id9276,2010-05-26,Tonga,TGA,186,28.0
2010,id9276,2010-05-26,Dominican Republic,DOM,187,26.0
2010,id9276,2010-05-26,Djibouti,DJI,188,23.0
2010,id9276,2010-05-26,Brunei Darussalam,BRU,189,21.0
2010,id9276,2010-05-26,Afghanistan,AFG,189,21.0
2010,id9276,2010-05-26,St. Lucia,LCA,191,19.0
2010,id9276,2010-05-26,Guinea-Bissau,GNB,191,19.0
2010,id9276,2010-05-26,Tahiti,TAH,191,19.0
2010,id9276,2010-05-26,British Virgin Islands,VGB,194,18.0
2010,id9276,2010-05-26,Guam,GUM,195,17.0
2010,id9276,2010-05-26,Bhutan,BHU,196,15.0
2010,id9276,2010-05-26,Macau,MAC,197,14.0
2010,id9276,2010-05-26,Aruba,ARU,198,11.0
2010,id9276,2010-05-26,US Virgin Islands,VIR,199,5.0
2010,id9276,2010-05-26,Timor-Leste,TLS,200,4.0
2010,id9276,2010-05-26,Andorra,AND,201,2.0
2010,id9276,2010-05-26,Central African Republic,CTA,202,0.0
2010,id9276,2010-05-26,Papua New Guinea,PNG,202,0.0
2010,id9276,2010-05-26,San Marino,SMR,202,0.0
2010,id9276,2010-05-26,Anguilla,AIA,202,0.0
2010,id9276,2010-05-26,Montserrat,MSR,202,0.0
2010,id9276,2010-05-26,American Samoa,ASA,202,0.0
2010,id9276,2010-05-26,Sao Tome e Principe,STP,208,0.0
2014,id10747,2014-06-05,Spain,ESP,1,1485.0
2014,id10747,2014-06-05,Germany,GER,2,1300.0
2014,id10747,2014-06-05,Brazil,BRA,3,1242.0
2014,id10747,2014-06-05,Portugal,POR,4,1189.0
2014,id10747,2014-06-05,Argentina,ARG,5,1175.0
2014,id10747,2014-06-05,Switzerland,SUI,6,1149.0
2014,id10747,2014-06-05,Uruguay,URU,7,1147.0
2014,id10747,2014-06-05,Colombia,COL,8,1137.0
2014,id10747,2014-06-05,Italy,ITA,9,1104.0
2014,id10747,2014-06-05,England,ENG,10,1090.0
2014,id10747,2014-06-05,Belgium,BEL,11,1074.0
2014,id10747,2014-06-05,Greece,GRE,12,1064.0
2014,id10747,2014-06-05,USA,USA,13,1035.0
2014,id10747,2014-06-05,Chile,CHI,14,1026.0
2014,id10747,2014-06-05,Netherlands,NED,15,981.0
2014,id10747,2014-06-05,Ukraine,UKR,16,915.0
2014,id10747,2014-06-05,France,FRA,17,913.0
2014,id10747,2014-06-05,Croatia,CRO,18,903.0
2014,id10747,2014-06-05,Russia,RUS,19,893.0
2014,id10747,2014-06-05,Mexico,MEX,20,882.0
2014,id10747,2014-06-05,Bosnia and Herzegovina,BIH,21,873.0
2014,id10747,2014-06-05,Algeria,ALG,22,858.0
2014,id10747,2014-06-05,Denmark,DEN,23,809.0
2014,id10747,2014-06-05,Ivory Coast,CIV,23,809.0
2014,id10747,2014-06-05,Slovenia,SVN,25,800.0
2014,id10747,2014-06-05,Ecuador,ECU,26,791.0
2014,id10747,2014-06-05,Scotland,SCO,27,786.0
2014,id10747,2014-06-05,Costa Rica,CRC,28,762.0
2014,id10747,2014-06-05,Romania,ROU,29,761.0
2014,id10747,2014-06-05,Serbia,SRB,30,745.0
2014,id10747,2014-06-05,Panama,PAN,31,743.0
2014,id10747,2014-06-05,Sweden,SWE,32,741.0
2014,id10747,2014-06-05,Honduras,HON,33,731.0
2014,id10747,2014-06-05,Czech Republic,CZE,34,724.0
2014,id10747,2014-06-05,Turkey,TUR,35,722.0
2014,id10747,2014-06-05,Egypt,EGY,36,715.0
2014,id10747,2014-06-05,Ghana,GHA,37,704.0
2014,id10747,2014-06-05,Armenia,ARM,38,682.0
2014,id10747,2014-06-05,Cape Verde Islands,CPV,39,674.0
2014,id10747,2014-06-05,Venezuela,VEN,40,672.0
2014,id10747,2014-06-05,Wales,WAL,41,644.0
2014,id10747,2014-06-05,Austria,AUT,42,643.0
2014,id10747,2014-06-05,Iran,IRN,43,641.0
2014,id10747,2014-06-05,Nigeria,NGA,44,640.0
2014,id10747,2014-06-05,Peru,PER,45,627.0
2014,id10747,2014-06-05,Japan,JPN,46,626.0
2014,id10747,2014-06-05,Hungary,HUN,47,624.0
2014,id10747,2014-06-05,Tunisia,TUN,48,612.0
2014,id10747,2014-06-05,Slovakia,SVK,49,591.0
2014,id10747,2014-06-05,Paraguay,PAR,50,575.0
2014,id10747,2014-06-05,Montenegro,MNE,51,574.0
2014,id10747,2014-06-05,Iceland,ISL,52,566.0
2014,id10747,2014-06-05,Guinea,GUI,52,566.0
2014,id10747,2014-06-05,Sierra Leone,SLE,54,565.0
2014,id10747,2014-06-05,Norway,NOR,55,562.0
2014,id10747,2014-06-05,Cameroon,CMR,56,558.0
2014,id10747,2014-06-05,Mali,MLI,57,547.0
2014,id10747,2014-06-05,South Korea,KOR,57,547.0
2014,id10747,2014-06-05,Uzbekistan,UZB,59,539.0
2014,id10747,2014-06-05,Burkina Faso,BFA,60,538.0
2014,id10747,2014-06-05,Finland,FIN,61,532.0
2014,id10747,2014-06-05,Australia,AUS,62,526.0
2014,id10747,2014-06-05,Jordan,JOR,63,510.0
2014,id10747,2014-06-05,Libya,LBY,64,498.0
2014,id10747,2014-06-05,South Africa,RSA,65,496.0
2014,id10747,2014-06-05,Albania,ALB,66,495.0
2014,id10747,2014-06-05,Bolivia,BOL,67,483.0
2014,id10747,2014-06-05,El Salvador,SLV,68,481.0
2014,id10747,2014-06-05,Poland,POL,69,474.0
2014,id10747,2014-06-05,Republic of Ireland,IRL,70,473.0
2014,id10747,2014-06-05,Trinidad and Tobago,TRI,71,470.0
2014,id10747,2014-06-05,United Arab Emirates,UAE,72,460.0
2014,id10747,2014-06-05,Haiti,HAI,73,452.0
2014,id10747,2014-06-05,Senegal,SEN,74,451.0
2014,id10747,2014-06-05,Israel,ISR,75,444.0
2014,id10747,2014-06-05,Zambia,ZAM,76,441.0
2014,id10747,2014-06-05,Morocco,MAR,77,439.0
2014,id10747,2014-06-05,Bulgaria,BUL,78,425.0
2014,id10747,2014-06-05,Oman,OMA,79,420.0
2014,id10747,2014-06-05,FYR Macedonia,MKD,80,419.0
2014,id10747,2014-06-05,Jamaica,JAM,81,411.0
2014,id10747,2014-06-05,Belarus,BLR,82,397.0
2014,id10747,2014-06-05,Azerbaijan,AZE,83,396.0
2014,id10747,2014-06-05,DR Congo,COD,84,395.0
2014,id10747,2014-06-05,Congo,CGO,85,393.0
2014,id10747,2014-06-05,Uganda,UGA,86,390.0
2014,id10747,2014-06-05,Benin,BEN,87,386.0
2014,id10747,2014-06-05,Togo,TOG,88,383.0
2014,id10747,2014-06-05,Gabon,GAB,89,382.0
2014,id10747,2014-06-05,Northern Ireland,NIR,90,381.0
2014,id10747,2014-06-05,Saudi Arabia,KSA,90,381.0
2014,id10747,2014-06-05,Botswana,BOT,92,375.0
2014,id10747,2014-06-05,Angola,ANG,93,364.0
2014,id10747,2014-06-05,Palestine,PLE,94,358.0
2014,id10747,2014-06-05,Cuba,CUB,95,354.0
2014,id10747,2014-06-05,Georgia,GEO,96,349.0
2014,id10747,2014-06-05,New Zealand,NZL,97,347.0
2014,id10747,2014-06-05,Estonia,EST,98,343.0
2014,id10747,2014-06-05,Zimbabwe,ZIM,99,340.0
2014,id10747,2014-06-05,Qatar,QAT,100,339.0
2014,id10747,2014-06-05,Moldova,MDA,101,334.0
2014,id10747,2014-06-05,Equatorial Guinea,EQG,102,333.0
2014,id10747,2014-06-05,China PR,CHN,103,331.0
2014,id10747,2014-06-05,Iraq,IRQ,104,329.0
2014,id10747,2014-06-05,Central African Republic,CTA,105,321.0
2014,id10747,2014-06-05,Lithuania,LTU,106,319.0
2014,id10747,2014-06-05,Ethiopia,ETH,107,317.0
2014,id10747,2014-06-05,Kenya,KEN,108,296.0
2014,id10747,2014-06-05,Latvia,LVA,109,293.0
2014,id10747,2014-06-05,Bahrain,BHR,110,289.0
2014,id10747,2014-06-05,Canada,CAN,110,289.0
2014,id10747,2014-06-05,Niger,NIG,112,284.0
2014,id10747,2014-06-05,Tanzania,TAN,113,283.0
2014,id10747,2014-06-05,Namibia,NAM,114,277.0
2014,id10747,2014-06-05,Kuwait,KUW,115,276.0
2014,id10747,2014-06-05,Liberia,LBR,116,271.0
2014,id10747,2014-06-05,Rwanda,RWA,116,271.0
2014,id10747,2014-06-05,Mozambique,MOZ,118,269.0
2014,id10747,2014-06-05,Luxembourg,LUX,119,267.0
2014,id10747,2014-06-05,Sudan,SDN,120,254.0
2014,id10747,2014-06-05,Aruba,ARU,120,254.0
2014,id10747,2014-06-05,Malawi,MWI,122,247.0
2014,id10747,2014-06-05,Vietnam,VIE,123,242.0
2014,id10747,2014-06-05,Kazakhstan,KAZ,124,241.0
2014,id10747,2014-06-05,Lebanon,LIB,125,233.0
2014,id10747,2014-06-05,Tajikistan,TJK,126,229.0
2014,id10747,2014-06-05,Guatemala,GUA,127,226.0
2014,id10747,2014-06-05,Burundi,BDI,128,221.0
2014,id10747,2014-06-05,Philippines,PHI,129,217.0
2014,id10747,2014-06-05,Afghanistan,AFG,130,215.0
2014,id10747,2014-06-05,Dominican Republic,DOM,131,212.0
2014,id10747,2014-06-05,Malta,MLT,132,204.0
2014,id10747,2014-06-05,St. Vincent / Grenadines,VIN,133,203.0
2014,id10747,2014-06-05,Guinea-Bissau,GNB,134,201.0
2014,id10747,2014-06-05,Chad,CHA,134,201.0
2014,id10747,2014-06-05,Suriname,SUR,136,197.0
2014,id10747,2014-06-05,Mauritania,MTN,137,196.0
2014,id10747,2014-06-05,St. Lucia,LCA,137,196.0
2014,id10747,2014-06-05,Lesotho,LES,139,194.0
2014,id10747,2014-06-05,New Caledonia,NCL,140,190.0
2014,id10747,2014-06-05,Syria,SYR,140,190.0
2014,id10747,2014-06-05,Cyprus,CYP,142,189.0
2014,id10747,2014-06-05,Turkmenistan,TKM,143,183.0
2014,id10747,2014-06-05,Grenada,GRN,144,182.0
2014,id10747,2014-06-05,Madagascar,MAD,144,182.0
2014,id10747,2014-06-05,North Korea,PRK,146,175.0
2014,id10747,2014-06-05,Maldives,MDV,147,171.0
2014,id10747,2014-06-05,Gambia,GAM,148,166.0
2014,id10747,2014-06-05,Kyrgyz Republic,KGZ,149,163.0
2014,id10747,2014-06-05,Thailand,THA,149,163.0
2014,id10747,2014-06-05,Antigua and Barbuda,ATG,151,158.0
2014,id10747,2014-06-05,Belize,BLZ,152,152.0
2014,id10747,2014-06-05,Malaysia,MAS,153,149.0
2014,id10747,2014-06-05,India,IND,154,144.0
2014,id10747,2014-06-05,Singapore,SGP,155,141.0
2014,id10747,2014-06-05,Guyana,GUY,156,137.0
2014,id10747,2014-06-05,Indonesia,IDN,157,135.0
2014,id10747,2014-06-05,Puerto Rico,PUR,158,134.0
2014,id10747,2014-06-05,Myanmar,MYA,159,133.0
2014,id10747,2014-06-05,St. Kitts and Nevis,SKN,160,124.0
2014,id10747,2014-06-05,Tahiti,TAH,161,122.0
2014,id10747,2014-06-05,Liechtenstein,LIE,162,118.0
2014,id10747,2014-06-05,Hong Kong,HKG,163,112.0
2014,id10747,2014-06-05,Pakistan,PAK,164,102.0
2014,id10747,2014-06-05,Nepal,NEP,164,102.0
2014,id10747,2014-06-05,Montserrat,MSR,166,99.0
2014,id10747,2014-06-05,Bangladesh,BAN,167,98.0
2014,id10747,2014-06-05,Laos,LAO,168,97.0
2014,id10747,2014-06-05,Dominica,DMA,169,93.0
2014,id10747,2014-06-05,Barbados,BRB,170,92.0
2014,id10747,2014-06-05,Faroe Islands,FRO,171,89.0
2014,id10747,2014-06-05,Sao Tome e Principe,STP,172,86.0
2014,id10747,2014-06-05,Swaziland,SWZ,173,85.0
2014,id10747,2014-06-05,Comoros,COM,174,84.0
2014,id10747,2014-06-05,Bermuda,BER,175,83.0
2014,id10747,2014-06-05,Nicaragua,NCA,176,78.0
2014,id10747,2014-06-05,Chinese Taipei,TPE,176,78.0
2014,id10747,2014-06-05,Guam,GUM,178,77.0
2014,id10747,2014-06-05,Sri Lanka,SRI,179,73.0
2014,id10747,2014-06-05,Solomon Islands,SOL,180,70.0
2014,id10747,2014-06-05,Seychelles,SEY,181,66.0
2014,id10747,2014-06-05,Curacao,CUW,182,65.0
2014,id10747,2014-06-05,Yemen,YEM,183,61.0
2014,id10747,2014-06-05,Mauritius,MRI,184,57.0
2014,id10747,2014-06-05,South Sudan,SSD,185,47.0
2014,id10747,2014-06-05,Bahamas,BAH,186,40.0
2014,id10747,2014-06-05,Mongolia,MNG,187,35.0
2014,id10747,2014-06-05,Fiji,FIJ,188,34.0
2014,id10747,2014-06-05,Samoa,SAM,189,32.0
2014,id10747,2014-06-05,Cambodia,CAM,190,28.0
2014,id10747,2014-06-05,Vanuatu,VAN,190,28.0
2014,id10747,2014-06-05,Brunei Darussalam,BRU,192,26.0
2014,id10747,2014-06-05,Timor-Leste,TLS,192,26.0
2014,id10747,2014-06-05,Tonga,TGA,192,26.0
2014,id10747,2014-06-05,US Virgin Islands,VIR,195,23.0
2014,id10747,2014-06-05,Cayman Islands,CAY,196,21.0
2014,id10747,2014-06-05,Papua New Guinea,PNG,196,21.0
2014,id10747,2014-06-05,British Virgin Islands,VGB,198,18.0
2014,id10747,2014-06-05,American Samoa,ASA,198,18.0
2014,id10747,2014-06-05,Andorra,AND,200,16.0
2014,id10747,2014-06-05,Eritrea,ERI,201,11.0
2014,id10747,2014-06-05,Somalia,SOM,202,8.0
2014,id10747,2014-06-05,Macau,MAC,202,8.0
2014,id10747,2014-06-05,Djibouti,DJI,204,6.0
2014,id10747,2014-06-05,Cook Islands,COK,205,5.0
2014,id10747,2014-06-05,Anguilla,AIA,206,3.0
2014,id10747,2014-06-05,Bhutan,BHU,207,0.0
2014,id10747,2014-06-05,San Marino,SMR,207,0.0
2014,id10747,2014-06-05,Turks and Caicos Islands,TCA,207,0.0
2018,id12210,2018-06-07,Germany,GER,1,1558.0
2018,id12210,2018-06-07,Brazil,BRA,2,1431.0
2018,id12210,2018-06-07,Belgium,BEL,3,1298.0
2018,id12210,2018-06-07,Portugal,POR,4,1274.0
2018,id12210,2018-06-07,Argentina,ARG,5,1241.0
2018,id12210,2018-06-07,Switzerland,SUI,6,1199.0
2018,id12210,2018-06-07,France,FRA,7,1198.0
2018,id12210,2018-06-07,Poland,POL,8,1183.0
2018,id12210,2018-06-07,Chile,CHI,9,1135.0
2018,id12210,2018-06-07,Spain,ESP,10,1126.0
2018,id12210,2018-06-07,Peru,PER,11,1125.0
2018,id12210,2018-06-07,Denmark,DEN,12,1051.0
2018,id12210,2018-06-07,England,ENG,12,1051.0
2018,id12210,2018-06-07,Uruguay,URU,14,1018.0
2018,id12210,2018-06-07,Mexico,MEX,15,989.0
2018,id12210,2018-06-07,Colombia,COL,16,986.0
2018,id12210,2018-06-07,Netherlands,NED,17,981.0
2018,id12210,2018-06-07,Wales,WAL,18,953.0
2018,id12210,2018-06-07,Italy,ITA,19,951.0
2018,id12210,2018-06-07,Croatia,CRO,20,945.0
2018,id12210,2018-06-07,Tunisia,TUN,21,910.0
2018,id12210,2018-06-07,Iceland,ISL,22,908.0
2018,id12210,2018-06-07,Costa Rica,CRC,23,884.0
2018,id12210,2018-06-07,Sweden,SWE,24,880.0
2018,id12210,2018-06-07,USA,USA,25,873.0
2018,id12210,2018-06-07,Austria,AUT,26,845.0
2018,id12210,2018-06-07,Senegal,SEN,27,838.0
2018,id12210,2018-06-07,Slovakia,SVK,28,804.0
2018,id12210,2018-06-07,Northern Ireland,NIR,29,803.0
2018,id12210,2018-06-07,Romania,ROU,30,782.0
2018,id12210,2018-06-07,Republic of Ireland,IRL,31,777.0
2018,id12210,2018-06-07,Paraguay,PAR,32,773.0
2018,id12210,2018-06-07,Venezuela,VEN,33,755.0
2018,id12210,2018-06-07,Serbia,SRB,34,751.0
2018,id12210,2018-06-07,Ukraine,UKR,35,733.0
2018,id12210,2018-06-07,Australia,AUS,36,718.0
2018,id12210,2018-06-07,Iran,IRN,37,708.0
2018,id12210,2018-06-07,Turkey,TUR,38,706.0
2018,id12210,2018-06-07,DR Congo,COD,38,706.0
2018,id12210,2018-06-07,Bosnia and Herzegovina,BIH,40,693.0
2018,id12210,2018-06-07,Morocco,MAR,41,686.0
2018,id12210,2018-06-07,Scotland,SCO,42,660.0
2018,id12210,2018-06-07,Montenegro,MNE,43,652.0
2018,id12210,2018-06-07,Greece,GRE,44,650.0
2018,id12210,2018-06-07,Egypt,EGY,45,649.0
2018,id12210,2018-06-07,Czech Republic,CZE,46,641.0
2018,id12210,2018-06-07,Ghana,GHA,47,624.0
2018,id12210,2018-06-07,Nigeria,NGA,48,618.0
2018,id12210,2018-06-07,Bulgaria,BUL,49,614.0
2018,id12210,2018-06-07,Cameroon,CMR,49,614.0
2018,id12210,2018-06-07,Hungary,HUN,51,612.0
2018,id12210,2018-06-07,Burkina Faso,BFA,52,604.0
2018,id12210,2018-06-07,Norway,NOR,53,596.0
2018,id12210,2018-06-07,Jamaica,JAM,54,588.0
2018,id12210,2018-06-07,Panama,PAN,55,571.0
2018,id12210,2018-06-07,Slovenia,SVN,56,558.0
2018,id12210,2018-06-07,South Korea,KOR,57,544.0
2018,id12210,2018-06-07,Albania,ALB,58,538.0
2018,id12210,2018-06-07,Bolivia,BOL,59,536.0
2018,id12210,2018-06-07,Ecuador,ECU,60,524.0
2018,id12210,2018-06-07,Japan,JPN,61,521.0
2018,id12210,2018-06-07,Honduras,HON,62,503.0
2018,id12210,2018-06-07,Finland,FIN,63,486.0
2018,id12210,2018-06-07,Mali,MLI,64,484.0
2018,id12210,2018-06-07,Cape Verde Islands,CPV,65,478.0
2018,id12210,2018-06-07,Algeria,ALG,66,474.0
2018,id12210,2018-06-07,Saudi Arabia,KSA,67,465.0
2018,id12210,2018-06-07,Guinea,GUI,68,463.0
2018,id12210,2018-06-07,Ivory Coast,CIV,68,463.0
2018,id12210,2018-06-07,Russia,RUS,70,457.0
2018,id12210,2018-06-07,FYR Macedonia,MKD,71,451.0
2018,id12210,2018-06-07,El Salvador,SLV,72,442.0
2018,id12210,2018-06-07,Syria,SYR,73,440.0
2018,id12210,2018-06-07,South Africa,RSA,74,428.0
2018,id12210,2018-06-07,China PR,CHN,75,423.0
2018,id12210,2018-06-07,Zambia,ZAM,76,420.0
2018,id12210,2018-06-07,United Arab Emirates,UAE,77,418.0
2018,id12210,2018-06-07,Belarus,BLR,78,417.0
2018,id12210,2018-06-07,Lebanon,LIB,79,411.0
2018,id12210,2018-06-07,Canada,CAN,79,411.0
2018,id12210,2018-06-07,Curacao,CUW,81,408.0
2018,id12210,2018-06-07,Uganda,UGA,82,403.0
2018,id12210,2018-06-07,Congo,CGO,83,393.0
2018,id12210,2018-06-07,Oman,OMA,84,391.0
2018,id12210,2018-06-07,Luxembourg,LUX,85,390.0
2018,id12210,2018-06-07,Gabon,GAB,85,390.0
2018,id12210,2018-06-07,Cyprus,CYP,87,384.0
2018,id12210,2018-06-07,Benin,BEN,88,379.0
2018,id12210,2018-06-07,Iraq,IRQ,89,377.0
2018,id12210,2018-06-07,Faroe Islands,FRO,90,376.0
2018,id12210,2018-06-07,Trinidad and Tobago,TRI,91,370.0
2018,id12210,2018-06-07,Kyrgyz Republic,KGZ,92,363.0
2018,id12210,2018-06-07,Israel,ISR,93,362.0
2018,id12210,2018-06-07,Estonia,EST,94,359.0
2018,id12210,2018-06-07,Uzbekistan,UZB,95,354.0
2018,id12210,2018-06-07,Georgia,GEO,96,352.0
2018,id12210,2018-06-07,India,IND,97,350.0
2018,id12210,2018-06-07,Qatar,QAT,98,348.0
2018,id12210,2018-06-07,Palestine,PLE,99,347.0
2018,id12210,2018-06-07,Armenia,ARM,100,338.0
2018,id12210,2018-06-07,Libya,LBY,101,336.0
2018,id12210,2018-06-07,Vietnam,VIE,102,334.0
2018,id12210,2018-06-07,Niger,NIG,103,323.0
2018,id12210,2018-06-07,Haiti,HAI,104,322.0
2018,id12210,2018-06-07,Azerbaijan,AZE,105,321.0
2018,id12210,2018-06-07,Madagascar,MAD,106,308.0
2018,id12210,2018-06-07,Mauritania,MTN,107,304.0
2018,id12210,2018-06-07,North Korea,PRK,108,303.0
2018,id12210,2018-06-07,Central African Republic,CTA,108,303.0
2018,id12210,2018-06-07,Jordan,JOR,110,296.0
2018,id12210,2018-06-07,Sierra Leone,SLE,111,292.0
2018,id12210,2018-06-07,Kenya,KEN,112,291.0
2018,id12210,2018-06-07,Bahrain,BHR,113,289.0
2018,id12210,2018-06-07,Mozambique,MOZ,114,282.0
2018,id12210,2018-06-07,Philippines,PHI,115,280.0
2018,id12210,2018-06-07,Namibia,NAM,116,277.0
2018,id12210,2018-06-07,Kazakhstan,KAZ,117,273.0
2018,id12210,2018-06-07,Zimbabwe,ZIM,118,265.0
2018,id12210,2018-06-07,Tajikistan,TJK,119,264.0
2018,id12210,2018-06-07,New Zealand,NZL,120,256.0
2018,id12210,2018-06-07,Guinea-Bissau,GNB,121,255.0
2018,id12210,2018-06-07,Thailand,THA,122,248.0
2018,id12210,2018-06-07,Chinese Taipei,TPE,123,247.0
2018,id12210,2018-06-07,Malawi,MWI,123,247.0
2018,id12210,2018-06-07,Togo,TOG,125,241.0
2018,id12210,2018-06-07,Antigua and Barbuda,ATG,126,239.0
2018,id12210,2018-06-07,Lithuania,LTU,126,239.0
2018,id12210,2018-06-07,Sudan,SDN,128,232.0
2018,id12210,2018-06-07,Latvia,LVA,129,230.0
2018,id12210,2018-06-07,Turkmenistan,TKM,130,229.0
2018,id12210,2018-06-07,Andorra,AND,130,229.0
2018,id12210,2018-06-07,Nicaragua,NCA,132,228.0
2018,id12210,2018-06-07,Yemen,YEM,133,227.0
2018,id12210,2018-06-07,Swaziland,SWZ,134,222.0
2018,id12210,2018-06-07,St. Kitts and Nevis,SKN,135,218.0
2018,id12210,2018-06-07,Rwanda,RWA,136,216.0
2018,id12210,2018-06-07,Angola,ANG,137,209.0
2018,id12210,2018-06-07,Myanmar,MYA,138,206.0
2018,id12210,2018-06-07,Botswana,BOT,139,205.0
2018,id12210,2018-06-07,Tanzania,TAN,140,200.0
2018,id12210,2018-06-07,Kosovo,KOS,141,197.0
2018,id12210,2018-06-07,Hong Kong,HKG,142,195.0
2018,id12210,2018-06-07,Equatorial Guinea,EQG,143,190.0
2018,id12210,2018-06-07,Solomon Islands,SOL,143,190.0
2018,id12210,2018-06-07,Afghanistan,AFG,145,188.0
2018,id12210,2018-06-07,Guatemala,GUA,146,180.0
2018,id12210,2018-06-07,Lesotho,LES,147,175.0
2018,id12210,2018-06-07,Burundi,BDI,148,174.0
2018,id12210,2018-06-07,Comoros,COM,149,172.0
2018,id12210,2018-06-07,Maldives,MDV,150,171.0
2018,id12210,2018-06-07,Ethiopia,ETH,151,166.0
2018,id12210,2018-06-07,Dominican Republic,DOM,152,162.0
2018,id12210,2018-06-07,Suriname,SUR,153,154.0
2018,id12210,2018-06-07,New Caledonia,NCL,154,150.0
2018,id12210,2018-06-07,Mauritius,MRI,155,140.0
2018,id12210,2018-06-07,South Sudan,SSD,156,132.0
2018,id12210,2018-06-07,Tahiti,TAH,157,130.0
2018,id12210,2018-06-07,Liberia,LBR,158,129.0
2018,id12210,2018-06-07,Kuwait,KUW,159,128.0
2018,id12210,2018-06-07,Barbados,BRB,160,127.0
2018,id12210,2018-06-07,Nepal,NEP,161,118.0
2018,id12210,2018-06-07,Vanuatu,VAN,162,117.0
2018,id12210,2018-06-07,Belize,BLZ,163,115.0
2018,id12210,2018-06-07,Indonesia,IDN,164,111.0
2018,id12210,2018-06-07,Fiji,FIJ,165,104.0
2018,id12210,2018-06-07,Papua New Guinea,PNG,166,103.0
2018,id12210,2018-06-07,Cambodia,CAM,166,103.0
2018,id12210,2018-06-07,Grenada,GRN,168,102.0
2018,id12210,2018-06-07,Singapore,SGP,169,99.0
2018,id12210,2018-06-07,St. Lucia,LCA,170,95.0
2018,id12210,2018-06-07,Malaysia,MAS,171,93.0
2018,id12210,2018-06-07,Gambia,GAM,172,92.0
2018,id12210,2018-06-07,Puerto Rico,PUR,173,89.0
2018,id12210,2018-06-07,St. Vincent / Grenadines,VIN,173,89.0
2018,id12210,2018-06-07,Chad,CHA,175,88.0
2018,id12210,2018-06-07,Moldova,MDA,175,88.0
2018,id12210,2018-06-07,Dominica,DMA,177,86.0
2018,id12210,2018-06-07,Laos,LAO,178,82.0
2018,id12210,2018-06-07,Bermuda,BER,178,82.0
2018,id12210,2018-06-07,Liechtenstein,LIE,180,80.0
2018,id12210,2018-06-07,Cuba,CUB,181,75.0
2018,id12210,2018-06-07,Guyana,GUY,182,73.0
2018,id12210,2018-06-07,Bhutan,BHU,183,68.0
2018,id12210,2018-06-07,Malta,MLT,184,65.0
2018,id12210,2018-06-07,Macau,MAC,185,60.0
2018,id12210,2018-06-07,Mongolia,MNG,186,51.0
2018,id12210,2018-06-07,Sao Tome e Principe,STP,186,51.0
2018,id12210,2018-06-07,Seychelles,SEY,188,48.0
2018,id12210,2018-06-07,Aruba,ARU,188,48.0
2018,id12210,2018-06-07,Guam,GUM,190,45.0
2018,id12210,2018-06-07,Timor-Leste,TLS,190,45.0
2018,id12210,2018-06-07,American Samoa,ASA,192,38.0
2018,id12210,2018-06-07,Cook Islands,COK,192,38.0
2018,id12210,2018-06-07,Bangladesh,BAN,194,35.0
2018,id12210,2018-06-07,Gibraltar,GIB,195,34.0
2018,id12210,2018-06-07,Brunei Darussalam,BRU,195,34.0
2018,id12210,2018-06-07,Samoa,SAM,197,32.0
2018,id12210,2018-06-07,Djibouti,DJI,197,32.0
2018,id12210,2018-06-07,US Virgin Islands,VIR,199,18.0
2018,id12210,2018-06-07,Sri Lanka,SRI,200,17.0
2018,id12210,2018-06-07,Pakistan,PAK,201,10.0
2018,id12210,2018-06-07,Cayman Islands,CAY,202,9.0
2018,id12210,2018-06-07,San Marino,SMR,203,8.0
2018,id12210,2018-06-07,Montserrat,MSR,204,4.0
2018,id12210,2018-06-07,British Virgin Islands,VGB,204,4.0
2018,id12210,2018-06-07,Eritrea,ERI,206,0.0
2018,id12210,2018-06-07,Anguilla,AIA,206,0.0
2018,id12210,2018-06-07,Bahamas,BAH,206,0.0
2018,id12210,2018-06-07,Somalia,SOM,206,0.0
2018,id12210,2018-06-07,Turks and Caicos Islands,TCA,206,0.0
2018,id12210,2018-06-07,Tonga,TGA,206,0.0
2022,id13792,2022-10-06,Brazil,BRA,1,1841.3
2022,id13792,2022-10-06,Belgium,BEL,2,1816.71
2022,id13792,2022-10-06,Argentina,ARG,3,1773.88
2022,id13792,2022-10-06,France,FRA,4,1759.78
2022,id13792,2022-10-06,England,ENG,5,1728.47
2022,id13792,2022-10-06,Italy,ITA,6,1726.14
2022,id13792,2022-10-06,Spain,ESP,7,1715.22
2022,id13792,2022-10-06,Netherlands,NED,8,1694.51
2022,id13792,2022-10-06,Portugal,POR,9,1676.56
2022,id13792,2022-10-06,Denmark,DEN,10,1666.57
2022,id13792,2022-10-06,Germany,GER,11,1650.21
2022,id13792,2022-10-06,Croatia,CRO,12,1645.64
2022,id13792,2022-10-06,Mexico,MEX,13,1644.89
2022,id13792,2022-10-06,Uruguay,URU,14,1638.71
2022,id13792,2022-10-06,Switzerland,SUI,15,1635.92
2022,id13792,2022-10-06,USA,USA,16,1627.48
2022,id13792,2022-10-06,Colombia,COL,17,1611.04
2022,id13792,2022-10-06,Senegal,SEN,18,1584.38
2022,id13792,2022-10-06,Wales,WAL,19,1569.82
2022,id13792,2022-10-06,Iran,IRN,20,1564.61
2022,id13792,2022-10-06,Serbia,SRB,21,1563.62
2022,id13792,2022-10-06,Morocco,MAR,22,1563.5
2022,id13792,2022-10-06,Peru,PER,23,1561.01
2022,id13792,2022-10-06,Japan,JPN,24,1559.54
2022,id13792,2022-10-06,Sweden,SWE,25,1553.33
2022,id13792,2022-10-06,Poland,POL,26,1548.59
2022,id13792,2022-10-06,Ukraine,UKR,27,1536.99
2022,id13792,2022-10-06,South Korea,KOR,28,1530.3
2022,id13792,2022-10-06,Chile,CHI,29,1509.61
2022,id13792,2022-10-06,Tunisia,TUN,30,1507.54
2022,id13792,2022-10-06,Costa Rica,CRC,31,1503.59
2022,id13792,2022-10-06,Nigeria,NGA,32,1498.47
2022,id13792,2022-10-06,Russia,RUS,33,1496.11
2022,id13792,2022-10-06,Austria,AUT,34,1492.95
2022,id13792,2022-10-06,Czech Republic,CZE,35,1492.21
2022,id13792,2022-10-06,Hungary,HUN,36,1492.2
2022,id13792,2022-10-06,Algeria,ALG,37,1489.1
2022,id13792,2022-10-06,Australia,AUS,38,1488.72
2022,id13792,2022-10-06,Egypt,EGY,39,1486.44
2022,id13792,2022-10-06,Scotland,SCO,40,1479.53
2022,id13792,2022-10-06,Canada,CAN,41,1475.0
2022,id13792,2022-10-06,Norway,NOR,42,1473.04
2022,id13792,2022-10-06,Cameroon,CMR,43,1471.44
2022,id13792,2022-10-06,Ecuador,ECU,44,1464.39
2022,id13792,2022-10-06,Turkey,TUR,45,1460.14
2022,id13792,2022-10-06,Mali,MLI,46,1448.85
2022,id13792,2022-10-06,Paraguay,PAR,47,1448.77
2022,id13792,2022-10-06,Ivory Coast,CIV,48,1443.06
2022,id13792,2022-10-06,Republic of Ireland,IRL,49,1440.19
2022,id13792,2022-10-06,Qatar,QAT,50,1439.89
2022,id13792,2022-10-06,Saudi Arabia,KSA,51,1437.78
2022,id13792,2022-10-06,Greece,GRE,52,1437.6
2022,id13792,2022-10-06,Romania,ROU,53,1434.68
2022,id13792,2022-10-06,Burkina Faso,BFA,54,1432.25
2022,id13792,2022-10-06,Slovakia,SVK,55,1425.59
2022,id13792,2022-10-06,Finland,FIN,56,1405.6
2022,id13792,2022-10-06,Venezuela,VEN,57,1404.37
2022,id13792,2022-10-06,Bosnia and Herzegovina,BIH,58,1403.51
2022,id13792,2022-10-06,Northern Ireland,NIR,59,1396.55
2022,id13792,2022-10-06,Panama,PAN,60,1393.28
2022,id13792,2022-10-06,Ghana,GHA,61,1393.0
2022,id13792,2022-10-06,Iceland,ISL,62,1384.41
2022,id13792,2022-10-06,Slovenia,SVN,63,1384.04
2022,id13792,2022-10-06,Jamaica,JAM,64,1378.86
2022,id13792,2022-10-06,North Macedonia,MKD,65,1358.51
2022,id13792,2022-10-06,Albania,ALB,66,1354.11
2022,id13792,2022-10-06,South Africa,RSA,67,1349.59
2022,id13792,2022-10-06,Iraq,IRQ,68,1343.01
2022,id13792,2022-10-06,Montenegro,MNE,69,1341.03
2022,id13792,2022-10-06,United Arab Emirates,UAE,70,1337.57
2022,id13792,2022-10-06,Cabo Verde,CPV,71,1336.05
2022,id13792,2022-10-06,Bulgaria,BUL,72,1335.36
2022,id13792,2022-10-06,DR Congo,COD,73,1333.92
2022,id13792,2022-10-06,El Salvador,SLV,74,1330.51
2022,id13792,2022-10-06,Oman,OMA,75,1320.29
2022,id13792,2022-10-06,Israel,ISR,76,1316.55
2022,id13792,2022-10-06,Uzbekistan,UZB,77,1309.98
2022,id13792,2022-10-06,Georgia,GEO,78,1307.34
2022,id13792,2022-10-06,China PR,CHN,79,1305.06
2022,id13792,2022-10-06,Honduras,HON,80,1301.98
2022,id13792,2022-10-06,Gabon,GAB,81,1301.84
2022,id13792,2022-10-06,Bolivia,BOL,82,1296.28
2022,id13792,2022-10-06,Guinea,GUI,83,1290.47
2022,id13792,2022-10-06,Jordan,JOR,84,1289.99
2022,id13792,2022-10-06,Bahrain,BHR,85,1280.64
2022,id13792,2022-10-06,Curaçao,CUW,86,1278.64
2022,id13792,2022-10-06,Haiti,HAI,87,1269.07
2022,id13792,2022-10-06,Zambia,ZAM,88,1267.41
2022,id13792,2022-10-06,Uganda,UGA,89,1260.69
2022,id13792,2022-10-06,Syria,SYR,90,1255.92
2022,id13792,2022-10-06,Benin,BEN,91,1247.47
2022,id13792,2022-10-06,Luxembourg,LUX,92,1243.8
2022,id13792,2022-10-06,Armenia,ARM,93,1233.93
2022,id13792,2022-10-06,Palestine,PLE,94,1233.72
2022,id13792,2022-10-06,Kyrgyz Republic,KGZ,95,1230.22
2022,id13792,2022-10-06,Vietnam,VIE,96,1226.65
2022,id13792,2022-10-06,Belarus,BLR,97,1221.06
2022,id13792,2022-10-06,Equatorial Guinea,EQG,98,1215.66
2022,id13792,2022-10-06,Lebanon,LBN,99,1211.71
2022,id13792,2022-10-06,Congo,CGO,100,1208.79
2022,id13792,2022-10-06,Kenya,KEN,101,1202.26
2022,id13792,2022-10-06,Madagascar,MAD,102,1200.74
2022,id13792,2022-10-06,Mauritania,MTN,103,1197.58
2022,id13792,2022-10-06,Trinidad and Tobago,TRI,104,1195.29
2022,id13792,2022-10-06,New Zealand,NZL,105,1193.98
2022,id13792,2022-10-06,India,IND,106,1192.09
2022,id13792,2022-10-06,Kosovo,KOS,107,1187.01
2022,id13792,2022-10-06,Tajikistan,TJK,108,1185.7
2022,id13792,2022-10-06,Estonia,EST,109,1184.64
2022,id13792,2022-10-06,Cyprus,CYP,110,1183.82
2022,id13792,2022-10-06,Thailand,THA,111,1174.92
2022,id13792,2022-10-06,North Korea,PRK,112,1169.96
2022,id13792,2022-10-06,Kazakhstan,KAZ,113,1166.63
2022,id13792,2022-10-06,Mozambique,MOZ,114,1165.22
2022,id13792,2022-10-06,Namibia,NAM,115,1164.13
2022,id13792,2022-10-06,Guinea-Bissau,GNB,116,1160.71
2022,id13792,2022-10-06,Sierra Leone,SLE,117,1160.31
2022,id13792,2022-10-06,Guatemala,GUA,118,1156.7
2022,id13792,2022-10-06,Angola,ANG,119,1155.9
2022,id13792,2022-10-06,Libya,LBY,120,1154.25
2022,id13792,2022-10-06,Niger,NIG,121,1152.8
2022,id13792,2022-10-06,Faroe Islands,FRO,122,1147.17
2022,id13792,2022-10-06,Azerbaijan,AZE,123,1146.72
2022,id13792,2022-10-06,Malawi,MWI,124,1144.97
2022,id13792,2022-10-06,Zimbabwe,ZIM,125,1138.56
2022,id13792,2022-10-06,The Gambia,GAM,126,1137.47
2022,id13792,2022-10-06,Togo,TOG,127,1128.92
2022,id13792,2022-10-06,Sudan,SDN,128,1127.34
2022,id13792,2022-10-06,Comoros,COM,129,1123.18
2022,id13792,2022-10-06,Tanzania,TAN,130,1119.89
2022,id13792,2022-10-06,Antigua and Barbuda,ATG,131,1117.01
2022,id13792,2022-10-06,Central African Republic,CTA,132,1116.97
2022,id13792,2022-10-06,Philippines,PHI,133,1115.13
2022,id13792,2022-10-06,Latvia,LVA,134,1114.21
2022,id13792,2022-10-06,Turkmenistan,TKM,135,1100.47
2022,id13792,2022-10-06,Solomon Islands,SOL,136,1095.7
2022,id13792,2022-10-06,Rwanda,RWA,137,1093.66
2022,id13792,2022-10-06,Ethiopia,ETH,138,1091.19
2022,id13792,2022-10-06,Suriname,SUR,139,1077.3
2022,id13792,2022-10-06,St Kitts and Nevis,SKN,140,1076.91
2022,id13792,2022-10-06,Burundi,BDI,141,1076.26
2022,id13792,2022-10-06,Nicaragua,NCA,142,1071.83
2022,id13792,2022-10-06,Eswatini,SWZ,143,1070.89
2022,id13792,2022-10-06,Lithuania,LTU,144,1069.75
2022,id13792,2022-10-06,Hong Kong,HKG,145,1062.39
2022,id13792,2022-10-06,Malaysia,MAS,146,1062.32
2022,id13792,2022-10-06,Lesotho,LES,147,1061.4
2022,id13792,2022-10-06,Botswana,BOT,148,1056.46
2022,id13792,2022-10-06,Kuwait,KUW,149,1053.41
2022,id13792,2022-10-06,Liberia,LBR,150,1049.66
2022,id13792,2022-10-06,Andorra,AND,151,1035.2
2022,id13792,2022-10-06,Indonesia,IDN,152,1033.9
2022,id13792,2022-10-06,Dominican Republic,DOM,153,1031.86
2022,id13792,2022-10-06,Maldives,MDV,154,1026.09
2022,id13792,2022-10-06,Yemen,YEM,155,1023.52
2022,id13792,2022-10-06,Afghanistan,AFG,156,1023.04
2022,id13792,2022-10-06,Chinese Taipei,TPE,157,1017.78
2022,id13792,2022-10-06,Myanmar,MYA,158,1007.89
2022,id13792,2022-10-06,Papua New Guinea,PNG,159,1007.46
2022,id13792,2022-10-06,Singapore,SGP,160,1003.5
2022,id13792,2022-10-06,New Caledonia,NCL,161,995.58
2022,id13792,2022-10-06,Tahiti,TAH,162,995.11
2022,id13792,2022-10-06,Fiji,FIJ,163,989.43
2022,id13792,2022-10-06,Vanuatu,VAN,164,985.62
2022,id13792,2022-10-06,South Sudan,SSD,165,983.99
2022,id13792,2022-10-06,Barbados,BRB,166,982.27
2022,id13792,2022-10-06,Cuba,CUB,167,978.65
2022,id13792,2022-10-06,Malta,MLT,168,977.92
2022,id13792,2022-10-06,Bermuda,BER,169,977.47
2022,id13792,2022-10-06,Puerto Rico,PUR,170,974.32
2022,id13792,2022-10-06,Guyana,GUY,171,968.74
2022,id13792,2022-10-06,St Lucia,LCA,172,965.66
2022,id13792,2022-10-06,Grenada,GRN,173,963.72
2022,id13792,2022-10-06,Moldova,MDA,174,961.23
2022,id13792,2022-10-06,Nepal,NEP,175,954.86
2022,id13792,2022-10-06,Belize,BLZ,176,950.88
2022,id13792,2022-10-06,Cambodia,CAM,177,948.62
2022,id13792,2022-10-06,St Vincent and the Grenadines,VIN,178,945.25
2022,id13792,2022-10-06,Montserrat,MSR,179,940.78
2022,id13792,2022-10-06,Mauritius,MRI,180,932.02
2022,id13792,2022-10-06,Chad,CHA,181,930.22
2022,id13792,2022-10-06,Macau,MAC,182,922.1
2022,id13792,2022-10-06,Mongolia,MNG,183,913.55
2022,id13792,2022-10-06,Dominica,DMA,184,911.51
2022,id13792,2022-10-06,Bhutan,BHU,185,910.96
2022,id13792,2022-10-06,São Tomé and Príncipe,STP,186,908.18
2022,id13792,2022-10-06,Laos,LAO,187,905.51
2022,id13792,2022-10-06,American Samoa,ASA,188,900.27
2022,id13792,2022-10-06,Cook Islands,COK,189,899.33
2022,id13792,2022-10-06,Brunei Darussalam,BRU,190,898.41
2022,id13792,2022-10-06,Samoa,SAM,191,894.26
2022,id13792,2022-10-06,Bangladesh,BAN,192,884.45
2022,id13792,2022-10-06,Djibouti,DJI,193,875.05
2022,id13792,2022-10-06,Pakistan,PAK,194,866.81
2022,id13792,2022-10-06,Cayman Islands,CAY,195,865.72
2022,id13792,2022-10-06,Liechtenstein,LIE,196,862.39
2022,id13792,2022-10-06,Tonga,TGA,197,861.81
2022,id13792,2022-10-06,Timor-Leste,TLS,198,860.06
2022,id13792,2022-10-06,Seychelles,SEY,199,859.56
2022,id13792,2022-10-06,Eritrea,ERI,200,855.56
2022,id13792,2022-10-06,Aruba,ARU,201,855.37
2022,id13792,2022-10-06,Bahamas,BAH,202,854.8
2022,id13792,2022-10-06,Somalia,SOM,203,854.72
2022,id13792,2022-10-06,Gibraltar,GIB,204,852.16
2022,id13792,2022-10-06,Guam,GUM,205,838.33
2022,id13792,2022-10-06,Turks and Caicos Islands,TCA,206,832.0
2022,id13792,2022-10-06,Sri Lanka,SRI,207,825.25
2022,id13792,2022-10-06,US Virgin Islands,VIR,208,823.97
2022,id13792,2022-10-06,British Virgin Islands,VGB,209,809.32
2022,id13792,2022-10-06,Anguilla,AIA,210,790.74
2022,id13792,2022-10-06,San Marino,SMR,211,762.22
2026,id15136,2026-06-11,Argentina,ARG,1,1877.27
2026,id15136,2026-06-11,Spain,ESP,2,1874.71
2026,id15136,2026-06-11,France,FRA,3,1870.7
2026,id15136,2026-06-11,England,ENG,4,1828.02
2026,id15136,2026-06-11,Portugal,POR,5,1767.85
2026,id15136,2026-06-11,Brazil,BRA,6,1765.86
2026,id15136,2026-06-11,Morocco,MAR,7,1755.1
2026,id15136,2026-06-11,Netherlands,NED,8,1753.57
2026,id15136,2026-06-11,Belgium,BEL,9,1742.24
2026,id15136,2026-06-11,Germany,GER,10,1735.77
2026,id15136,2026-06-11,Croatia,CRO,11,1714.87
2026,id15136,2026-06-11,Italy,ITA,12,1704.73
2026,id15136,2026-06-11,Colombia,COL,13,1698.35
2026,id15136,2026-06-11,Mexico,MEX,14,1687.48
2026,id15136,2026-06-11,Senegal,SEN,15,1684.07
2026,id15136,2026-06-11,Uruguay,URU,16,1673.07
2026,id15136,2026-06-11,USA,USA,17,1671.23
2026,id15136,2026-06-11,Japan,JPN,18,1661.58
2026,id15136,2026-06-11,Switzerland,SUI,19,1650.06
2026,id15136,2026-06-11,Iran,IRN,20,1619.58
2026,id15136,2026-06-11,Denmark,DEN,21,1619.47
2026,id15136,2026-06-11,Turkey,TUR,22,1605.73
2026,id15136,2026-06-11,Ecuador,ECU,23,1598.52
2026,id15136,2026-06-11,Austria,AUT,24,1597.4
2026,id15136,2026-06-11,South Korea,KOR,25,1591.63
2026,id15136,2026-06-11,Nigeria,NGA,26,1585.02
2026,id15136,2026-06-11,Australia,AUS,27,1579.34
2026,id15136,2026-06-11,Algeria,ALG,28,1571.03
2026,id15136,2026-06-11,Egypt,EGY,29,1562.37
2026,id15136,2026-06-11,Canada,CAN,30,1559.48
2026,id15136,2026-06-11,Norway,NOR,31,1557.44
2026,id15136,2026-06-11,Ukraine,UKR,32,1549.29
2026,id15136,2026-06-11,Ivory Coast,CIV,33,1540.87
2026,id15136,2026-06-11,Panama,PAN,34,1539.16
2026,id15136,2026-06-11,Russia,RUS,35,1529.6
2026,id15136,2026-06-11,Poland,POL,36,1526.18
2026,id15136,2026-06-11,Wales,WAL,37,1516.95
2026,id15136,2026-06-11,Sweden,SWE,38,1509.79
2026,id15136,2026-06-11,Hungary,HUN,39,1506.39
2026,id15136,2026-06-11,Czech Republic,CZE,40,1505.74
2026,id15136,2026-06-11,Paraguay,PAR,41,1505.35
2026,id15136,2026-06-11,Scotland,SCO,42,1503.34
2026,id15136,2026-06-11,Serbia,SRB,43,1502.13
2026,id15136,2026-06-11,Cameroon,CMR,44,1481.24
2026,id15136,2026-06-11,Tunisia,TUN,45,1476.41
2026,id15136,2026-06-11,DR Congo,COD,46,1474.43
2026,id15136,2026-06-11,Slovakia,SVK,47,1473.66
2026,id15136,2026-06-11,Greece,GRE,48,1473.19
2026,id15136,2026-06-11,Venezuela,VEN,49,1469.18
2026,id15136,2026-06-11,Uzbekistan,UZB,50,1458.73
2026,id15136,2026-06-11,Chile,CHI,51,1458.2
2026,id15136,2026-06-11,Peru,PER,52,1457.69
2026,id15136,2026-06-11,Costa Rica,CRC,53,1456.03
2026,id15136,2026-06-11,Romania,ROU,54,1455.89
2026,id15136,2026-06-11,Mali,MLI,55,1455.59
2026,id15136,2026-06-11,Qatar,QAT,56,1450.31
2026,id15136,2026-06-11,Iraq,IRQ,57,1446.28
2026,id15136,2026-06-11,Republic of Ireland,IRL,58,1441.1
2026,id15136,2026-06-11,Slovenia,SVN,59,1441.09
2026,id15136,2026-06-11,South Africa,RSA,60,1428.38
2026,id15136,2026-06-11,Saudi Arabia,KSA,61,1423.88
2026,id15136,2026-06-11,Burkina Faso,BFA,62,1406.99
2026,id15136,2026-06-11,Jordan,JOR,63,1387.74
2026,id15136,2026-06-11,Bosnia and Herzegovina,BIH,64,1387.22
2026,id15136,2026-06-11,Honduras,HON,65,1378.97
2026,id15136,2026-06-11,Albania,ALB,66,1376.03
2026,id15136,2026-06-11,Cabo Verde,CPV,67,1371.11
2026,id15136,2026-06-11,United Arab Emirates,UAE,68,1370.47
2026,id15136,2026-06-11,North Macedonia,MKD,69,1369.16
2026,id15136,2026-06-11,Northern Ireland,NIR,70,1365.3
2026,id15136,2026-06-11,Jamaica,JAM,71,1357.84
2026,id15136,2026-06-11,Georgia,GEO,72,1355.26
2026,id15136,2026-06-11,Ghana,GHA,73,1346.88
2026,id15136,2026-06-11,Iceland,ISL,74,1342.77
2026,id15136,2026-06-11,Finland,FIN,75,1341.92
2026,id15136,2026-06-11,Israel,ISR,76,1333.9
2026,id15136,2026-06-11,Bolivia,BOL,77,1326.0
2026,id15136,2026-06-11,Kosovo,KOS,78,1319.12
2026,id15136,2026-06-11,Oman,OMA,79,1306.9
2026,id15136,2026-06-11,Montenegro,MNE,80,1301.98
2026,id15136,2026-06-11,Guinea,GUI,81,1295.6
2026,id15136,2026-06-11,Curaçao,CUW,82,1294.77
2026,id15136,2026-06-11,Haiti,HAI,83,1293.1
2026,id15136,2026-06-11,Syria,SYR,84,1283.05
2026,id15136,2026-06-11,New Zealand,NZL,85,1275.58
2026,id15136,2026-06-11,Gabon,GAB,86,1272.51
2026,id15136,2026-06-11,Bulgaria,BUL,87,1271.68
2026,id15136,2026-06-11,Angola,ANG,88,1265.58
2026,id15136,2026-06-11,Uganda,UGA,89,1264.09
2026,id15136,2026-06-11,Zambia,ZAM,90,1255.82
2026,id15136,2026-06-11,China PR,CHN,91,1254.81
2026,id15136,2026-06-11,Bahrain,BHR,92,1254.41
2026,id15136,2026-06-11,Benin,BEN,93,1252.17
2026,id15136,2026-06-11,Thailand,THA,94,1250.8
2026,id15136,2026-06-11,Palestine,PLE,95,1243.71
2026,id15136,2026-06-11,Belarus,BLR,96,1242.88
2026,id15136,2026-06-11,Guatemala,GUA,97,1238.74
2026,id15136,2026-06-11,Luxembourg,LUX,98,1232.82
2026,id15136,2026-06-11,Vietnam,VIE,99,1225.68
2026,id15136,2026-06-11,El Salvador,SLV,100,1225.34
2026,id15136,2026-06-11,Tajikistan,TJK,101,1224.19
2026,id15136,2026-06-11,Trinidad and Tobago,TRI,102,1219.59
2026,id15136,2026-06-11,Mozambique,MOZ,103,1218.62
2026,id15136,2026-06-11,Madagascar,MAD,104,1202.69
2026,id15136,2026-06-11,Equatorial Guinea,EQG,105,1195.2
2026,id15136,2026-06-11,Kyrgyz Republic,KGZ,106,1192.16
2026,id15136,2026-06-11,Armenia,ARM,107,1189.63
2026,id15136,2026-06-11,Comoros,COM,108,1187.91
2026,id15136,2026-06-11,Kenya,KEN,109,1185.08
2026,id15136,2026-06-11,Libya,LBY,110,1182.08
2026,id15136,2026-06-11,Kazakhstan,KAZ,111,1180.78
2026,id15136,2026-06-11,Tanzania,TAN,112,1180.27
2026,id15136,2026-06-11,Mauritania,MTN,113,1176.68
2026,id15136,2026-06-11,Niger,NIG,114,1175.33
2026,id15136,2026-06-11,Lebanon,LBN,115,1172.22
2026,id15136,2026-06-11,The Gambia,GAM,116,1159.64
2026,id15136,2026-06-11,Sudan,SDN,117,1157.22
2026,id15136,2026-06-11,Indonesia,IDN,118,1157.14
2026,id15136,2026-06-11,Togo,TOG,119,1152.76
2026,id15136,2026-06-11,DPR Korea,PRK,120,1151.05
2026,id15136,2026-06-11,Namibia,NAM,121,1148.84
2026,id15136,2026-06-11,Sierra Leone,SLE,122,1147.56
2026,id15136,2026-06-11,Faroe Islands,FRO,123,1136.59
2026,id15136,2026-06-11,Cyprus,CYP,124,1133.25
2026,id15136,2026-06-11,Suriname,SUR,125,1132.43
2026,id15136,2026-06-11,Azerbaijan,AZE,126,1132.0
2026,id15136,2026-06-11,Estonia,EST,127,1130.64
2026,id15136,2026-06-11,Rwanda,RWA,128,1126.62
2026,id15136,2026-06-11,Malawi,MWI,129,1122.05
2026,id15136,2026-06-11,Zimbabwe,ZIM,130,1119.78
2026,id15136,2026-06-11,Nicaragua,NCA,131,1114.63
2026,id15136,2026-06-11,Guinea-Bissau,GNB,132,1108.38
2026,id15136,2026-06-11,Kuwait,KUW,133,1106.47
2026,id15136,2026-06-11,Congo,CGO,134,1105.96
2026,id15136,2026-06-11,Philippines,PHI,135,1100.95
2026,id15136,2026-06-11,Malaysia,MAS,136,1086.22
2026,id15136,2026-06-11,Latvia,LVA,137,1085.66
2026,id15136,2026-06-11,India,IND,138,1084.93
2026,id15136,2026-06-11,Central African Republic,CTA,139,1080.82
2026,id15136,2026-06-11,Liberia,LBR,140,1080.44
2026,id15136,2026-06-11,Turkmenistan,TKM,141,1078.65
2026,id15136,2026-06-11,Burundi,BDI,142,1078.01
2026,id15136,2026-06-11,Ethiopia,ETH,143,1077.52
2026,id15136,2026-06-11,Dominican Republic,DOM,144,1076.5
2026,id15136,2026-06-11,Yemen,YEM,145,1065.24
2026,id15136,2026-06-11,Lesotho,LES,146,1064.29
2026,id15136,2026-06-11,Botswana,BOT,147,1063.63
2026,id15136,2026-06-11,Singapore,SGP,148,1057.95
2026,id15136,2026-06-11,Lithuania,LTU,149,1056.85
2026,id15136,2026-06-11,Guyana,GUY,150,1049.32
2026,id15136,2026-06-11,New Caledonia,NCL,151,1036.95
2026,id15136,2026-06-11,St Kitts and Nevis,SKN,152,1036.33
2026,id15136,2026-06-11,Solomon Islands,SOL,153,1031.89
2026,id15136,2026-06-11,Puerto Rico,PUR,154,1024.3
2026,id15136,2026-06-11,Fiji,FIJ,155,1024.17
2026,id15136,2026-06-11,"Hong Kong, China",HKG,156,1024.16
2026,id15136,2026-06-11,Tahiti,TAH,157,1019.04
2026,id15136,2026-06-11,Myanmar,MYA,158,1010.91
2026,id15136,2026-06-11,Moldova,MDA,159,1008.24
2026,id15136,2026-06-11,Vanuatu,VAN,160,1002.53
2026,id15136,2026-06-11,Malta,MLT,161,992.79
2026,id15136,2026-06-11,Antigua and Barbuda,ATG,162,986.58
2026,id15136,2026-06-11,Grenada,GRN,163,981.82
2026,id15136,2026-06-11,Cuba,CUB,164,981.42
2026,id15136,2026-06-11,Eswatini,SWZ,165,979.01
2026,id15136,2026-06-11,St Lucia,LCA,166,976.71
2026,id15136,2026-06-11,Bermuda,BER,167,975.05
2026,id15136,2026-06-11,Papua New Guinea,PNG,168,974.9
2026,id15136,2026-06-11,South Sudan,SSD,169,970.94
2026,id15136,2026-06-11,St Vincent and the Grenadines,VIN,170,968.27
2026,id15136,2026-06-11,Afghanistan,AFG,171,968.07
2026,id15136,2026-06-11,Andorra,AND,172,946.43
2026,id15136,2026-06-11,Maldives,MDV,173,943.92
2026,id15136,2026-06-11,Chinese Taipei,TPE,174,923.78
2026,id15136,2026-06-11,Cambodia,CAM,175,922.32
2026,id15136,2026-06-11,Montserrat,MSR,176,916.75
2026,id15136,2026-06-11,Nepal,NEP,177,914.54
2026,id15136,2026-06-11,Mauritius,MRI,178,911.49
2026,id15136,2026-06-11,Barbados,BRB,179,909.89
2026,id15136,2026-06-11,Belize,BLZ,180,907.0
2026,id15136,2026-06-11,Bangladesh,BAN,181,902.93
2026,id15136,2026-06-11,Dominica,DMA,182,897.69
2026,id15136,2026-06-11,Chad,CHA,183,896.85
2026,id15136,2026-06-11,Eritrea,ERI,184,887.06
2026,id15136,2026-06-11,Laos,LAO,185,885.03
2026,id15136,2026-06-11,Cook Islands,COK,186,877.53
2026,id15136,2026-06-11,Sri Lanka,SRI,187,876.86
2026,id15136,2026-06-11,Samoa,SAM,188,876.41
2026,id15136,2026-06-11,Aruba,ARU,189,875.61
2026,id15136,2026-06-11,Mongolia,MNG,190,874.47
2026,id15136,2026-06-11,American Samoa,ASA,191,871.61
2026,id15136,2026-06-11,Bhutan,BHU,192,870.81
2026,id15136,2026-06-11,Macau,MAC,193,858.03
2026,id15136,2026-06-11,Brunei Darussalam,BRU,194,857.73
2026,id15136,2026-06-11,São Tomé and Príncipe,STP,195,855.44
2026,id15136,2026-06-11,Djibouti,DJI,196,853.58
2026,id15136,2026-06-11,Cayman Islands,CAY,197,850.06
2026,id15136,2026-06-11,Pakistan,PAK,198,840.28
2026,id15136,2026-06-11,Somalia,SOM,199,839.17
2026,id15136,2026-06-11,Tonga,TGA,200,835.64
2026,id15136,2026-06-11,Timor-Leste,TLS,201,831.0
2026,id15136,2026-06-11,Gibraltar,GIB,202,820.26
2026,id15136,2026-06-11,Guam,GUM,203,819.54
2026,id15136,2026-06-11,Seychelles,SEY,204,804.16
2026,id15136,2026-06-11,Turks and Caicos Islands,TCA,205,803.98
2026,id15136,2026-06-11,Liechtenstein,LIE,206,797.7
2026,id15136,2026-06-11,Bahamas,BAH,207,786.82
2026,id15136,2026-06-11,US Virgin Islands,VIR,208,779.76
2026,id15136,2026-06-11,British Virgin Islands,VGB,209,777.41
2026,id15136,2026-06-11,Anguilla,AIA,210,760.25
2026,id15136,2026-06-11,San Marino,SMR,211,721.2
